{"type":"FeatureCollection","features":[{"type":"Feature","id":"Q283196","geometry":{"type":"Point","coordinates":[139.766706,35.6812546]},"properties":{"name":"東京","name:de":"Tokio","name:en":"Tōkyō","name:es":"Tokyo","name:fr":"Tokyo","name:it":"Tokyo","name:ja":"東京","name:ja-Hira":"とうきょう","name:ja-Latn":"Tōkyō","name:ko":"도쿄","name:ru":"Токио","name:th":"โตเกียว","name:uk":"Токіо","name:zh":"東京","name:zh-Hans":"东京","name:zh-Hant":"東京","osm_type":"node","osm_id":"2149761647","id":"node-2149761647","wikidata":"Q283196","feature":"station","state":"present","station":"train","station_size":"large","curated":true,"mapped_feature":"railway=station","tier":3,"rank":1,"basis":"Curated principal passenger hub for Tokyo; https://en.wikipedia.org/wiki/Tokyo_Station; identity https://www.wikidata.org/wiki/Q283196","atlas_han":"cjkv","atlas_zh":""}},{"type":"Feature","id":"Q801438","geometry":{"type":"Point","coordinates":[135.5001888,34.7335385]},"properties":{"name":"新大阪","name:en":"Shin-Ōsaka","name:it":"Shin-Osaka","name:ja":"新大阪","name:ja-Hira":"しんおおさか","name:ja-Latn":"Shin-Ōsaka","name:ko":"신오사카","name:ru":"Син-Осака","name:uk":"Сін-Осака","osm_type":"node","osm_id":"3626952971","id":"node-3626952971","wikidata":"Q801438","feature":"station","state":"present","station":"train","station_size":"large","curated":true,"mapped_feature":"railway=station","tier":4,"rank":3,"basis":"Curated principal passenger hub for Osaka; https://en.wikipedia.org/wiki/Shin-%C5%8Csaka_Station; identity https://www.wikidata.org/wiki/Q801438","atlas_han":"cjkv","atlas_zh":""}},{"type":"Feature","id":"Q49381","geometry":{"type":"Point","coordinates":[136.8818431,35.1707285]},"properties":{"name":"名古屋","name:en":"Nagoya","name:fr":"Nagoya","name:it":"Nagoya","name:ja":"名古屋","name:ko":"나고야","osm_type":"node","osm_id":"4919810141","id":"node-4919810141","wikidata":"Q49381","feature":"station","state":"present","station":"train","station_size":"normal","curated":true,"mapped_feature":"railway=station","tier":6,"rank":5,"basis":"Curated principal passenger hub for Nagoya; https://en.wikipedia.org/wiki/Nagoya_Station; identity https://www.wikidata.org/wiki/Q49381","atlas_han":"cjkv","atlas_zh":""}},{"type":"Feature","id":"Q800875","geometry":{"type":"Point","coordinates":[130.4203556,33.5900436]},"properties":{"name":"博多","name:en":"Hakata","name:ja":"博多","name:ja-Hira":"はかた","name:ja_rm":"Hakata","name:ko":"하카타 역","osm_type":"node","osm_id":"3637038754","id":"node-3637038754","wikidata":"Q800875","feature":"station","state":"present","station":"train","station_size":"large","curated":true,"mapped_feature":"railway=station","tier":3,"rank":7,"basis":"Curated principal passenger hub for Fukuoka; https://en.wikipedia.org/wiki/Hakata_Station; identity https://www.wikidata.org/wiki/Q800875","atlas_han":"cjkv","atlas_zh":""}},{"type":"Feature","id":"Q801404","geometry":{"type":"Point","coordinates":[141.3509218,43.0686365]},"properties":{"name":"札幌","name:de":"Sapporo","name:en":"Sapporo","name:ja":"札幌","name:ko":"삿포로 역","osm_type":"node","osm_id":"4086852685","id":"node-4086852685","wikidata":"Q801404","feature":"station","state":"present","station":"train","station_size":"large","curated":true,"mapped_feature":"railway=station","tier":3,"rank":8,"basis":"Curated principal passenger hub for Sapporo; https://en.wikipedia.org/wiki/Sapporo_Station; identity https://www.wikidata.org/wiki/Q801404","atlas_han":"cjkv","atlas_zh":""}},{"type":"Feature","id":"Q801429","geometry":{"type":"Point","coordinates":[140.8823921,38.2603516]},"properties":{"name":"仙台","name:de":"Sendai","name:en":"Sendai","name:ja":"仙台","name:ja_rm":"Sendai","name:ko":"센다이","name:ru":"Сендай","osm_type":"node","osm_id":"3570916502","id":"node-3570916502","wikidata":"Q801429","feature":"station","state":"present","station":"train","station_size":"normal","curated":true,"mapped_feature":"railway=station","tier":5,"rank":9,"basis":"Curated principal passenger hub for Sendai; https://en.wikipedia.org/wiki/Sendai_Station; identity https://www.wikidata.org/wiki/Q801429","atlas_han":"cjkv","atlas_zh":""}},{"type":"Feature","id":"Q576459","geometry":{"type":"Point","coordinates":[132.4753527,34.3985139]},"properties":{"name":"広島","name:de":"Hiroshima","name:en":"Hiroshima","name:fr":"Hiroshima","name:it":"Hiroshima","name:ja":"広島","name:ja-Hira":"ひろしま","name:ja-Latn":"Hiroshima","name:ko":"히로시마","name:pl":"Hiroshima","name:ru":"Хиросима","name:zh":"广岛","name:zh-Hans":"广岛","name:zh-Hant":"廣島","osm_type":"node","osm_id":"6624627173","id":"node-6624627173","wikidata":"Q576459","feature":"station","state":"present","station":"train","station_size":"normal","curated":true,"mapped_feature":"railway=station","tier":5,"rank":10,"basis":"Curated principal passenger hub for Hiroshima; https://en.wikipedia.org/wiki/Hiroshima_Station; identity https://www.wikidata.org/wiki/Q576459","atlas_han":"cjkv","atlas_zh":""}},{"type":"Feature","id":"Q1136378","geometry":{"type":"Point","coordinates":[136.6480247,36.5780499]},"properties":{"name":"金沢","name:de":"Kanazawa","name:en":"Kanazawa","name:es":"Kanazawa","name:ja":"金沢","name:ja_rm":"Kanazawa","name:ko":"가나자와","osm_type":"node","osm_id":"3977645705","id":"node-3977645705","wikidata":"Q1136378","feature":"station","state":"present","station":"train","station_size":"normal","curated":true,"mapped_feature":"railway=station","tier":5,"rank":11,"basis":"Curated additional passenger hub for Kanazawa; https://en.wikipedia.org/wiki/Kanazawa_Station; identity https://www.wikidata.org/wiki/Q1136378","atlas_han":"cjkv","atlas_zh":""}},{"type":"Feature","id":"Q860503","geometry":{"type":"Point","coordinates":[134.0461528,34.350692]},"properties":{"name":"高松","name:en":"Takamatsu","name:es":"Takamatsu","name:ja":"高松","name:ko":"다카마쓰","osm_type":"node","osm_id":"8667971394","id":"node-8667971394","wikidata":"Q860503","feature":"station","state":"present","station":"train","station_size":"normal","curated":true,"mapped_feature":"railway=station","tier":6,"rank":13,"basis":"Curated additional passenger hub for Takamatsu; https://en.wikipedia.org/wiki/Takamatsu_Station_%28Kagawa%29; identity https://www.wikidata.org/wiki/Q860503","atlas_han":"cjkv","atlas_zh":""}},{"type":"Feature","id":"Q1316913","geometry":{"type":"Point","coordinates":[130.5417909,31.5837134]},"properties":{"name":"鹿児島中央","name:de":"Kagoshima Zentrum","name:en":"Kagoshima-Chūō","name:ja":"鹿児島中央","name:ko":"가고시마 중앙역","osm_type":"node","osm_id":"5603040079","id":"node-5603040079","wikidata":"Q1316913","feature":"station","state":"present","station":"train","station_size":"normal","curated":true,"mapped_feature":"railway=station","tier":5,"rank":14,"basis":"Curated additional passenger hub for Kagoshima; https://en.wikipedia.org/wiki/Kagoshima-Ch%C5%AB%C5%8D_Station; identity https://www.wikidata.org/wiki/Q1316913","atlas_han":"cjkv","atlas_zh":""}},{"type":"Feature","id":"Q700588","geometry":{"type":"Point","coordinates":[121.51722222222,25.047777777778]},"properties":{"name":"臺北車站","name:en":"Taipei main station","name:ja":"台北駅","name:ko":"타이베이역","name:nan":"Tâi-pak Chhia-thâu","name:zh":"臺北車站","name:zh-Latn-pinyin":"Tǎiběi Huǒchēzhàn","osm_type":"way","osm_id":"23641610","id":"way-23641610","wikidata":"Q700588","feature":"station","state":"present","station":"train","station_size":"large","curated":true,"mapped_feature":"building=train_station","tier":3,"rank":16,"basis":"Curated principal passenger hub for Taipei; https://en.wikipedia.org/wiki/Taipei_Main_Station; identity https://www.wikidata.org/wiki/Q700588","atlas_han":"cjkv","atlas_zh":"TW"}},{"type":"Feature","id":"Q709900","geometry":{"type":"Point","coordinates":[120.3025585,22.6395321]},"properties":{"name":"高雄","name:en":"Kaohsiung","name:hak":"goˊ hiungˇ","name:hak-Hant":"高雄","name:ja":"高雄","name:ko":"가오슝","name:nan":"Ko-hiông","name:nan-Hant":"高雄","name:nan-Latn-pehoeji":"Ko-hiông","name:nan-Latn-tailo":"Ko-hiông","name:zh":"高雄","name:zh-Hans":"高雄","name:zh-Hant":"高雄","name:zh-Latn-pinyin":"gāo xióng","osm_type":"node","osm_id":"5981456317","id":"node-5981456317","wikidata":"Q709900","feature":"station","state":"present","station":"train","station_size":"normal","curated":true,"mapped_feature":"railway=station","tier":5,"rank":17,"basis":"Curated principal passenger hub for Kaohsiung; https://en.wikipedia.org/wiki/Kaohsiung_Main_Station; identity https://www.wikidata.org/wiki/Q709900","atlas_han":"cjkv","atlas_zh":"TW"}},{"type":"Feature","id":"Q163962","geometry":{"type":"Point","coordinates":[116.3723994,39.8634831]},"properties":{"name":"北京南","name:de":"Peking Südbahnhof","name:en":"Beijingnan","name:zh":"北京南","osm_type":"node","osm_id":"539260172","id":"node-539260172","wikidata":"Q163962","feature":"station","state":"present","station":"train","station_size":"large","curated":true,"mapped_feature":"railway=station","tier":3,"rank":21,"basis":"Curated principal passenger hub for Beijing; https://en.wikipedia.org/wiki/Beijing_South_railway_station; identity https://www.wikidata.org/wiki/Q163962","atlas_han":"cjkv","atlas_zh":"CN"}},{"type":"Feature","id":"Q1088925","geometry":{"type":"Point","coordinates":[121.3162004,31.1959782]},"properties":{"name":"上海虹桥","name:en":"Shanghai-Hongqiao","name:es":"Shanghái Hongqiao","name:zh":"上海虹桥","name:zh-Hans":"上海虹桥","name:zh-Hant":"上海虹橋","osm_type":"node","osm_id":"4610023440","id":"node-4610023440","wikidata":"Q1088925","feature":"station","state":"present","station":"train","station_size":"large","curated":true,"mapped_feature":"railway=station","tier":3,"rank":24,"basis":"Curated principal passenger hub for Shanghai; https://en.wikipedia.org/wiki/Shanghai_Hongqiao_railway_station; identity https://www.wikidata.org/wiki/Q1088925","atlas_han":"cjkv","atlas_zh":"CN"}},{"type":"Feature","id":"Q1073420","geometry":{"type":"Point","coordinates":[113.2640375,22.9914143]},"properties":{"name":"广州南","name:en":"Guangzhounan","name:zh":"广州南","osm_type":"node","osm_id":"3677030154","id":"node-3677030154","wikidata":"Q1073420","feature":"station","state":"present","station":"train","station_size":"large","curated":true,"mapped_feature":"railway=station","tier":3,"rank":26,"basis":"Curated principal passenger hub for Guangzhou; https://en.wikipedia.org/wiki/Guangzhou_South_railway_station; identity https://www.wikidata.org/wiki/Q1073420","atlas_han":"cjkv","atlas_zh":"CN"}},{"type":"Feature","id":"Q3272538","geometry":{"type":"Point","coordinates":[114.0239469,22.6120365]},"properties":{"name":"深圳北","name:en":"Shenzhen North","name:zh":"深圳北","osm_type":"node","osm_id":"5369745039","id":"node-5369745039","wikidata":"Q3272538","feature":"station","state":"present","station":"train","station_size":"normal","curated":true,"mapped_feature":"railway=station","tier":6,"rank":28,"basis":"Curated principal passenger hub for Shenzhen; https://en.wikipedia.org/wiki/Shenzhen_North_railway_station; identity https://www.wikidata.org/wiki/Q3272538","atlas_han":"cjkv","atlas_zh":"CN"}},{"type":"Feature","id":"Q5091316","geometry":{"type":"Point","coordinates":[104.1389215,30.6312977]},"properties":{"name":"成都东","name:en":"Chengdudong","name:zh":"成都东","name:zh-Hans":"成都东","name:zh-Hant":"成都東","osm_type":"node","osm_id":"7212021583","id":"node-7212021583","wikidata":"Q5091316","feature":"station","state":"present","station":"train","station_size":"large","curated":true,"mapped_feature":"railway=station","tier":3,"rank":31,"basis":"Curated principal passenger hub for Chengdu; https://en.wikipedia.org/wiki/Chengdu_East_railway_station; identity https://www.wikidata.org/wiki/Q5091316","atlas_han":"cjkv","atlas_zh":"CN"}},{"type":"Feature","id":"Q5104670","geometry":{"type":"Point","coordinates":[106.5472729,29.6123216]},"properties":{"name":"重庆北","name:en":"Chongqingbei","name:zh":"重庆北","name:zh-Hant":"重慶北","name:zh-Latn-pinyin":"Chóngqìngbĕi","osm_type":"node","osm_id":"654769359","id":"node-654769359","wikidata":"Q5104670","feature":"station","state":"present","station":"train","station_size":"normal","curated":true,"mapped_feature":"railway=station","tier":5,"rank":32,"basis":"Curated principal passenger hub for Chongqing; https://en.wikipedia.org/wiki/Chongqing_North_railway_station; identity https://www.wikidata.org/wiki/Q5104670","atlas_han":"cjkv","atlas_zh":"CN"}},{"type":"Feature","id":"Q584376","geometry":{"type":"Point","coordinates":[114.4189431,30.6098504]},"properties":{"name":"武汉","name:en":"Wuhan","name:zh":"武汉","osm_type":"node","osm_id":"579971406","id":"node-579971406","wikidata":"Q584376","feature":"station","state":"present","station":"train","station_size":"large","curated":true,"mapped_feature":"railway=station","tier":3,"rank":33,"basis":"Curated principal passenger hub for Wuhan; https://en.wikipedia.org/wiki/Wuhan_railway_station; identity https://www.wikidata.org/wiki/Q584376","atlas_han":"cjkv","atlas_zh":"CN"}},{"type":"Feature","id":"Q5934499","geometry":{"type":"Point","coordinates":[108.9340253,34.3776675]},"properties":{"name":"西安北","name:en":"Xi'anbei","name:zh":"西安北","osm_type":"node","osm_id":"4185074601","id":"node-4185074601","wikidata":"Q5934499","feature":"station","state":"present","station":"train","station_size":"large","curated":true,"mapped_feature":"railway=station","tier":3,"rank":34,"basis":"Curated principal passenger hub for Xi'an; https://en.wikipedia.org/wiki/Xi%27an_North_railway_station; identity https://www.wikidata.org/wiki/Q5934499","atlas_han":"cjkv","atlas_zh":"CN"}},{"type":"Feature","id":"Q8070777","geometry":{"type":"Point","coordinates":[113.7732527,34.7601939]},"properties":{"name":"郑州东","name:en":"Zhengzhoudong","name:zh":"郑州东","osm_type":"node","osm_id":"6654827885","id":"node-6654827885","wikidata":"Q8070777","feature":"station","state":"present","station":"train","station_size":"normal","curated":true,"mapped_feature":"railway=station","tier":4,"rank":35,"basis":"Curated principal passenger hub for Zhengzhou; https://en.wikipedia.org/wiki/Zhengzhou_East_railway_station; identity https://www.wikidata.org/wiki/Q8070777","atlas_han":"cjkv","atlas_zh":"CN"}},{"type":"Feature","id":"Q5925968","geometry":{"type":"Point","coordinates":[118.7930516,31.970797]},"properties":{"name":"南京南","name:en":"Nanjingnan","name:zh":"南京南","name:zh-Hans":"南京南","name:zh-Hant":"南京南","name:zh-Latn-pinyin":"Nánjīng Nán","osm_type":"node","osm_id":"2483530943","id":"node-2483530943","wikidata":"Q5925968","feature":"station","state":"present","station":"train","station_size":"normal","curated":true,"mapped_feature":"railway=station","tier":5,"rank":36,"basis":"Curated principal passenger hub for Nanjing; https://en.wikipedia.org/wiki/Nanjing_South_railway_station; identity https://www.wikidata.org/wiki/Q5925968","atlas_han":"cjkv","atlas_zh":"CN"}},{"type":"Feature","id":"Q5648115","geometry":{"type":"Point","coordinates":[120.2082034,30.2935486]},"properties":{"name":"杭州东","name:de":"Hangzhou Ost","name:en":"Hangzhoudong","name:zh":"杭州东","osm_type":"node","osm_id":"7160108921","id":"node-7160108921","wikidata":"Q5648115","feature":"station","state":"present","station":"train","station_size":"normal","curated":true,"mapped_feature":"railway=station","tier":6,"rank":37,"basis":"Curated additional passenger hub for Hangzhou; https://en.wikipedia.org/wiki/Hangzhou_East_railway_station; identity https://www.wikidata.org/wiki/Q5648115","atlas_han":"cjkv","atlas_zh":"CN"}},{"type":"Feature","id":"Q6444895","geometry":{"type":"Point","coordinates":[102.8603804,24.8733628]},"properties":{"name":"昆明南","name:en":"Kunmingnan","name:zh":"昆明南","name:zh-Hans":"昆明南","name:zh-Hant":"昆明南","osm_type":"node","osm_id":"2865839196","id":"node-2865839196","wikidata":"Q6444895","feature":"station","state":"present","station":"train","station_size":"large","curated":true,"mapped_feature":"railway=station","tier":4,"rank":39,"basis":"Curated principal passenger hub for Kunming; https://en.wikipedia.org/wiki/Kunming_South_railway_station; identity https://www.wikidata.org/wiki/Q6444895","atlas_han":"cjkv","atlas_zh":"CN"}},{"type":"Feature","id":"Q10907353","geometry":{"type":"Point","coordinates":[108.4099277,22.8447744]},"properties":{"name":"南宁东","name:en":"Nanningdong","name:en:note":"Do NOT use East, it doesn't qualified","name:fr":"Gare de Nanning Dong (Est)","name:note":"说了多少次，不要加“站”字！","name:za":"Nanzningzdungh","name:zh":"南宁东","osm_type":"node","osm_id":"7691075908","id":"node-7691075908","wikidata":"Q10907353","feature":"station","state":"present","station":"train","station_size":"normal","curated":true,"mapped_feature":"railway=station","tier":5,"rank":40,"basis":"Curated principal passenger hub for Nanning; https://en.wikipedia.org/wiki/Nanning_East_railway_station; identity https://www.wikidata.org/wiki/Q10907353","atlas_han":"cjkv","atlas_zh":"CN"}},{"type":"Feature","id":"Q1059254","geometry":{"type":"Point","coordinates":[126.6254465,45.7600422]},"properties":{"name":"哈尔滨","name:cs":"Charbin","name:en":"Harbin","name:ko":"하얼빈역","name:ru":"Харбин","name:zh":"哈尔滨","osm_type":"node","osm_id":"334358067","id":"node-334358067","wikidata":"Q1059254","feature":"station","state":"present","station":"train","station_size":"large","curated":true,"mapped_feature":"railway=station","tier":3,"rank":41,"basis":"Curated principal passenger hub for Harbin; https://en.wikipedia.org/wiki/Harbin_railway_station; identity https://www.wikidata.org/wiki/Q1059254","atlas_han":"cjkv","atlas_zh":"CN"}},{"type":"Feature","id":"Q988013","geometry":{"type":"Point","coordinates":[123.4294351,41.8173345]},"properties":{"name":"沈阳北","name:cs":"Šen-jang sever","name:en":"Shenyangbei","name:ja":"瀋陽北","name:ko":"선양베이","name:ru":"Шеньян-Северный","name:zh":"沈阳北","osm_type":"node","osm_id":"676578837","id":"node-676578837","wikidata":"Q988013","feature":"station","state":"present","station":"train","station_size":"normal","curated":true,"mapped_feature":"railway=station","tier":4,"rank":42,"basis":"Curated principal passenger hub for Shenyang; https://en.wikipedia.org/wiki/Shenyang_North_railway_station; identity https://www.wikidata.org/wiki/Q988013","atlas_han":"cjkv","atlas_zh":"CN"}},{"type":"Feature","id":"Q2617209","geometry":{"type":"Point","coordinates":[125.3177297,43.9088384]},"properties":{"name":"长春","name:en":"Changchun","name:zh":"长春","osm_type":"node","osm_id":"9171411689","id":"node-9171411689","wikidata":"Q2617209","feature":"station","state":"present","station":"train","station_size":"normal","curated":true,"mapped_feature":"railway=station","tier":5,"rank":43,"basis":"Curated additional passenger hub for Changchun; https://en.wikipedia.org/wiki/Changchun_railway_station; identity https://www.wikidata.org/wiki/Q2617209","atlas_han":"cjkv","atlas_zh":"CN"}},{"type":"Feature","id":"Q944738","geometry":{"type":"Point","coordinates":[117.2036841,39.1357517]},"properties":{"name":"天津","name:en":"Tianjin","name:zh":"天津","osm_type":"node","osm_id":"273088049","id":"node-273088049","wikidata":"Q944738","feature":"station","state":"present","station":"train","station_size":"normal","curated":true,"mapped_feature":"railway=station","tier":6,"rank":44,"basis":"Curated additional passenger hub for Tianjin; https://en.wikipedia.org/wiki/Tianjin_railway_station; identity https://www.wikidata.org/wiki/Q944738","atlas_han":"cjkv","atlas_zh":"CN"}},{"type":"Feature","id":"Q7267810","geometry":{"type":"Point","coordinates":[120.3680563,36.1692408]},"properties":{"name":"青岛北","name:de":"Qingdao Nord","name:en":"Qingdaobei","name:zh":"青岛北","osm_type":"node","osm_id":"8081624907","id":"node-8081624907","wikidata":"Q7267810","feature":"station","state":"present","station":"train","station_size":"normal","curated":true,"mapped_feature":"railway=station","tier":4,"rank":45,"basis":"Curated principal passenger hub for Qingdao; https://en.wikipedia.org/wiki/Qingdao_North_railway_station; identity https://www.wikidata.org/wiki/Q7267810","atlas_han":"cjkv","atlas_zh":"CN"}},{"type":"Feature","id":"Q4391478","geometry":{"type":"Point","coordinates":[116.88694444,36.66888889]},"properties":{"name":"济南西站","name:zh":"济南西站","name:zh-Hans":"济南西站","name:zh-Hant":"濟南西站","osm_type":"way","osm_id":"227465776","id":"way-227465776","wikidata":"Q4391478","feature":"station","state":"present","station":"train","station_size":"normal","curated":true,"mapped_feature":"railway=station","tier":5,"rank":46,"basis":"Curated additional passenger hub for Jinan; https://en.wikipedia.org/wiki/Jinan_West_railway_station; identity https://www.wikidata.org/wiki/Q4391478","atlas_han":"cjkv","atlas_zh":"CN"}},{"type":"Feature","id":"Q987678","geometry":{"type":"Point","coordinates":[119.3156324,26.1168094]},"properties":{"name":"福州","name:en":"Fuzhou","name:zh":"福州","osm_type":"node","osm_id":"6999105218","id":"node-6999105218","wikidata":"Q987678","feature":"station","state":"present","station":"train","station_size":"normal","curated":true,"mapped_feature":"railway=station","tier":5,"rank":47,"basis":"Curated principal passenger hub for Fuzhou; https://en.wikipedia.org/wiki/Fuzhou_railway_station; identity https://www.wikidata.org/wiki/Q987678","atlas_han":"cjkv","atlas_zh":"CN"}},{"type":"Feature","id":"Q8044109","geometry":{"type":"Point","coordinates":[118.0686353,24.6397375]},"properties":{"name":"厦门北","name:en":"Xiamen North","osm_type":"node","osm_id":"6527623010","id":"node-6527623010","wikidata":"Q8044109","feature":"station","state":"present","station":"train","station_size":"normal","curated":true,"mapped_feature":"railway=station","tier":5,"rank":48,"basis":"Curated additional passenger hub for Xiamen; https://en.wikipedia.org/wiki/Xiamen_North_railway_station; identity https://www.wikidata.org/wiki/Q8044109","atlas_han":"cjkv","atlas_zh":"CN"}},{"type":"Feature","id":"Q6487722","geometry":{"type":"Point","coordinates":[103.7492843,36.0675844]},"properties":{"name":"兰州西","name:en":"Lanzhouxi","name:zh":"兰州西","osm_type":"node","osm_id":"3481086575","id":"node-3481086575","wikidata":"Q6487722","feature":"station","state":"present","station":"train","station_size":"large","curated":true,"mapped_feature":"railway=station","tier":4,"rank":49,"basis":"Curated principal passenger hub for Lanzhou; https://en.wikipedia.org/wiki/Lanzhou_West_railway_station; identity https://www.wikidata.org/wiki/Q6487722","atlas_han":"cjkv","atlas_zh":"CN"}},{"type":"Feature","id":"Q20415","geometry":{"type":"Point","coordinates":[126.9707793,37.5545547]},"properties":{"name":"서울","name:af":"Seoel","name:am":"ሶል","name:an":"Seúl","name:ar":"سول","name:arz":"سول","name:ast":"Seúl","name:az":"Seul","name:ba":"Сеул","name:bat-smg":"Seuls","name:be":"Сеул","name:be-tarask":"Сэул","name:bg":"Сеул","name:bh":"सियोल","name:bjn":"Soul","name:bn":"সিওল","name:bo":"སེ་ཨུལ།","name:bs":"Seul","name:ca":"Seül","name:cdo":"Siū-ék","name:ckb":"سیئۆل","name:crh":"Seul","name:cs":"Soul","name:csb":"Seul","name:cv":"Сеул","name:de":"Seoul","name:diq":"Seul","name:dsb":"Soul","name:el":"Σεούλ","name:en":"Seoul","name:eo":"Seulo","name:es":"Seúl","name:et":"Soul","name:eu":"Seul","name:ext":"Seúl","name:fa":"سئول","name:fi":"Soul","name:fr":"Séoul","name:ga":"Súl","name:gag":"Seul","name:gan":"首爾","name:gl":"Seúl","name:he":"סיאול","name:hi":"सियोल","name:hr":"Seul","name:hu":"Szöul","name:hy":"Սեուլ","name:is":"Seúl","name:it":"Seul","name:ja":"ソウル","name:jbo":".sol.","name:ka":"სეული","name:kab":"Seyul","name:kk":"Сеул","name:km":"សេអ៊ូល","name:kn":"ಸೌಲ್","name:ko":"서울","name:ku":"Sêûl","name:ky":"Сеул","name:la":"Seulum","name:lt":"Seulas","name:lv":"Seula","name:lzh":"首爾","name:mhr":"Сеул","name:mk":"Сеул","name:ml":"സോൾ","name:mn":"Сөүл","name:mr":"सोल","name:my":"ဆိုးလ်မြို့","name:nah":"Seul","name:nan":"Seoul","name:nl":"Seoel","name:oc":"Seol","name:os":"Сеул","name:pl":"Seul","name:pnb":"سیول","name:pt":"Seul","name:qu":"Siul","name:ro":"Seul","name:roa-tara":"Seul","name:ru":"Сеул","name:rue":"Соул","name:sah":"Сеул","name:sk":"Soul","name:sl":"Seul","name:sr":"Сеул","name:sv":"Seoul","name:szl":"Seul","name:ta":"சியோல்","name:tg":"Сеул","name:th":"โซล","name:tk":"Seul","name:tpi":"Sol","name:tr":"Seul","name:uk":"Сеул","name:ur":"سؤل","name:uz":"Seul","name:vi":"Seoul","name:vo":"Söul","name:vro":"Sŏul","name:wuu":"首尔","name:yi":"סעאל","name:yue":"首爾","name:zh":"首尔","name:zh-Hans":"首尔","name:zh-Hant":"首爾","osm_type":"node","osm_id":"5772099311","id":"node-5772099311","wikidata":"Q20415","feature":"station","state":"present","station":"train","station_size":"large","curated":true,"mapped_feature":"railway=station","tier":4,"rank":54,"basis":"Curated principal passenger hub for Seoul; https://en.wikipedia.org/wiki/Seoul_Station; identity https://www.wikidata.org/wiki/Q20415","atlas_han":"cjkv","atlas_zh":""}},{"type":"Feature","id":"Q53118","geometry":{"type":"Point","coordinates":[129.0425868,35.1155532]},"properties":{"name":"부산","name:en":"Busan","name:ja":"釜山","name:ja-Hira":"プサン","name:ko":"부산","name:zh":"釜山","osm_type":"node","osm_id":"8693385785","id":"node-8693385785","wikidata":"Q53118","feature":"station","state":"present","station":"train","station_size":"normal","curated":true,"mapped_feature":"railway=station","tier":5,"rank":55,"basis":"Curated principal passenger hub for Busan; https://en.wikipedia.org/wiki/Busan_station; identity https://www.wikidata.org/wiki/Q53118","atlas_han":"cjkv","atlas_zh":""}},{"type":"Feature","id":"Q701162","geometry":{"type":"Point","coordinates":[125.7358714,39.0046949]},"properties":{"name":"평양","name:en":"P'yŏngyang","name:fr":"Pyongyang","name:ja":"平壌","name:ko":"평양","name:ko-Hani":"平壤","name:ko-Latn":"P'yŏngyang-yŏk","name:ru":"Пхеньян","name:vi":"Bình Nhưỡng","name:zh":"平壤","name:zh-Hans":"平壤","name:zh-Hant":"平壤","osm_type":"node","osm_id":"32539105","id":"node-32539105","wikidata":"Q701162","feature":"station","state":"present","station":"train","station_size":"normal","curated":true,"mapped_feature":"railway=station","tier":5,"rank":59,"basis":"Curated principal passenger hub for Pyongyang; https://en.wikipedia.org/wiki/Pyongyang_station; identity https://www.wikidata.org/wiki/Q701162","atlas_han":"cjkv","atlas_zh":""}},{"type":"Feature","id":"Q2742296","geometry":{"type":"Point","coordinates":[77.2217499,28.6419258]},"properties":{"name":"New Delhi","name:ar":"دلهي الجديدة","name:az-Arab":"یئنی دهلی","name:azb":"یئنی دهلی","name:de":"Neu-Delhi","name:el":"Νέο Δελχί","name:es":"Nueva Delhi","name:fa":"دهلی نو","name:grc":"Νεοδελίς","name:hi":"नई दिल्ली","name:hy":"Նյու Դելի","name:hyw":"Նիւ Տելհի","name:ks":"نٔو دلھی","name:ml":"ന്യൂ ഡെൽഹി","name:pa":"ਨਵੀਂ ਦਿੱਲੀ","name:ug":"يېڭى دېھلى","name:ur":"نئی دہلی","name:zh":"新德里","name:zh-Hans":"新德里","osm_type":"node","osm_id":"6131069513","id":"node-6131069513","wikidata":"Q2742296","feature":"station","state":"present","station":"train","station_size":"large","curated":true,"mapped_feature":"railway=station","tier":3,"rank":60,"basis":"Curated principal passenger hub for Delhi; https://en.wikipedia.org/wiki/New_Delhi_railway_station; identity https://www.wikidata.org/wiki/Q2742296","atlas_han":"none","atlas_zh":""}},{"type":"Feature","id":"Q235884","geometry":{"type":"Point","coordinates":[72.8357856,18.9404925]},"properties":{"name":"Mumbai CSMT","name:en":"Mumbai CSMT","name:hi":"मुंबई सीएसएमटी","name:mr":"मुंबई सीएसएमटी","name:ur":"ممبئی سی ایس ایم ٹی ٹرمینل","osm_type":"node","osm_id":"12176277888","id":"node-12176277888","wikidata":"Q235884","feature":"station","state":"present","station":"train","station_size":"normal","curated":true,"mapped_feature":"railway=station","tier":5,"rank":62,"basis":"Curated additional passenger hub for Mumbai; https://en.wikipedia.org/wiki/Chhatrapati_Shivaji_Terminus; identity https://www.wikidata.org/wiki/Q235884","atlas_han":"none","atlas_zh":""}},{"type":"Feature","id":"Q986105","geometry":{"type":"Point","coordinates":[88.3428112,22.5828709]},"properties":{"name":"Howrah Junction","name:ja":"ハウラー","name:zh":"豪拉火车站","osm_type":"node","osm_id":"3321321335","id":"node-3321321335","wikidata":"Q986105","feature":"station","state":"present","station":"train","station_size":"large","curated":true,"mapped_feature":"railway=station","tier":3,"rank":63,"basis":"Curated principal passenger hub for Kolkata; https://en.wikipedia.org/wiki/Howrah_railway_station; identity https://www.wikidata.org/wiki/Q986105","atlas_han":"none","atlas_zh":""}},{"type":"Feature","id":"Q257382","geometry":{"type":"Point","coordinates":[80.2759622,13.0824232]},"properties":{"name":"Puratchi Thalaivar Dr. M. G. Ramachandran Central","name:ml":"പുരട്ചി തലൈവർ ഡോ.എം.ജി.രാമചന്ദ്രൻ സെൻട്രൽ","name:ta":"சென்னை - புரட்சி தலைவர் டா. எம். ஜி. ராமச்சந்திரன் சென்ட்ரல்","osm_type":"node","osm_id":"2481969291","id":"node-2481969291","wikidata":"Q257382","feature":"station","state":"present","station":"train","station_size":"large","curated":true,"mapped_feature":"railway=station","tier":3,"rank":64,"basis":"Curated principal passenger hub for Chennai; https://en.wikipedia.org/wiki/Chennai_Central_railway_station; identity https://www.wikidata.org/wiki/Q257382","atlas_han":"none","atlas_zh":""}},{"type":"Feature","id":"Q3633970","geometry":{"type":"Point","coordinates":[77.5695603,12.9781739]},"properties":{"name":"Krantivira Sangolli Rayanna (Bengaluru)","name:kn":"ಕ್ರಾಂತಿವೀರ ಸಂಗೊಳ್ಳಿ ರಾಯಣ್ಣ ರೈಲ್ವೆ ನಿಲ್ದಾಣ","name:ml":"ക്രാന്തിവീര സങ്കൊല്ലി രായണ്ണ റെയിൽവേ സ്റ്റേഷൻ","name:te":"క్రాంతివీర సంగొల్లి రాయన్న రైల్వే స్టేషన్","osm_type":"node","osm_id":"2669084978","id":"node-2669084978","wikidata":"Q3633970","feature":"station","state":"present","station":"train","station_size":"large","curated":true,"mapped_feature":"railway=station","tier":5,"rank":65,"basis":"Curated principal passenger hub for Bengaluru; https://en.wikipedia.org/wiki/Bengaluru_City_railway_station; identity https://www.wikidata.org/wiki/Q3633970","atlas_han":"none","atlas_zh":""}},{"type":"Feature","id":"Q15265677","geometry":{"type":"Point","coordinates":[85.1376861,25.6032109]},"properties":{"name":"Patna Junction","name:en":"Patna Junction","name:hi":"पटना जंक्शन","osm_type":"node","osm_id":"7572390828","id":"node-7572390828","wikidata":"Q15265677","feature":"station","state":"present","station":"train","station_size":"normal","curated":true,"mapped_feature":"railway=station","tier":4,"rank":70,"basis":"Curated principal passenger hub for Patna; https://en.wikipedia.org/wiki/Patna_Junction_railway_station; identity https://www.wikidata.org/wiki/Q15265677","atlas_han":"none","atlas_zh":""}},{"type":"Feature","id":"Q5621999","geometry":{"type":"Point","coordinates":[91.7501234,26.1823701]},"properties":{"name":"Guwahati","name:ar":"غواهاتي","name:fa":"گواتی","name:hi":"गुवाहाटी","name:ja":"グワーハーティー","name:pa":"ਗੁਹਾਟੀ","name:ur":"گوہاٹی","osm_type":"node","osm_id":"2669094329","id":"node-2669094329","wikidata":"Q5621999","feature":"station","state":"present","station":"train","station_size":"large","curated":true,"mapped_feature":"railway=station","tier":4,"rank":71,"basis":"Curated principal passenger hub for Guwahati; https://en.wikipedia.org/wiki/Guwahati_railway_station; identity https://www.wikidata.org/wiki/Q5621999","atlas_han":"none","atlas_zh":""}},{"type":"Feature","id":"Q3544938","geometry":{"type":"Point","coordinates":[82.986468,25.327281]},"properties":{"name":"Varanasi Junction","name:en":"Varanasi Junction Railway Station","name:hi":"वाराणसी जंक्शन रेलवे स्टेशन","osm_type":"way","osm_id":"26753079","id":"way-26753079","wikidata":"Q3544938","feature":"station","state":"present","station":"train","station_size":"normal","curated":true,"mapped_feature":"railway=station","tier":5,"rank":74,"basis":"Curated additional passenger hub for Varanasi; https://en.wikipedia.org/wiki/Varanasi_Junction_railway_station; identity https://www.wikidata.org/wiki/Q3544938","atlas_han":"none","atlas_zh":""}},{"type":"Feature","id":"Q6355669","geometry":{"type":"Point","coordinates":[90.42686,23.73054]},"properties":{"name":"কমলাপুর রেলওয়ে স্টেশন","name:en":"Kamalapur Railway Station","name:hi":"कमलापुर","osm_type":"way","osm_id":"429426172","id":"way-429426172","wikidata":"Q6355669","feature":"station","state":"present","station":"train","station_size":"large","curated":true,"mapped_feature":"railway=station","tier":5,"rank":76,"basis":"Curated principal passenger hub for Dhaka; https://en.wikipedia.org/wiki/Kamalapur_railway_station; identity https://www.wikidata.org/wiki/Q6355669","atlas_han":"none","atlas_zh":""}},{"type":"Feature","id":"Q3605245","geometry":{"type":"Point","coordinates":[67.042558,24.844408]},"properties":{"name":"کراچی چھاؤنی","name:en":"Karachi Cantonment","name:hi":"कराची छावनी","name:pa-Arab":"کراچی چھوݨی","name:pnb":"کراچی چھوݨی","name:sd":"ڪراچي ڇاوڻي","name:ur":"کراچی چھاؤنی","osm_type":"way","osm_id":"408164895","id":"way-408164895","wikidata":"Q3605245","feature":"station","state":"present","station":"train","station_size":"large","curated":true,"mapped_feature":"railway=station","tier":3,"rank":78,"basis":"Curated principal passenger hub for Karachi; https://en.wikipedia.org/wiki/Karachi_Cantonment_railway_station; identity https://www.wikidata.org/wiki/Q3605245","atlas_han":"none","atlas_zh":""}},{"type":"Feature","id":"Q7296934","geometry":{"type":"Point","coordinates":[73.0483,33.6036]},"properties":{"name":"راولپنڈی ریلوے اسٹیشن","name:en":"Rawalpindi Railway Station","name:hi":"रावलपिंडी रेलवे स्टेशन","name:ur":"راولپنڈی ریلوے اسٹیشن","osm_type":"way","osm_id":"810454622","id":"way-810454622","wikidata":"Q7296934","feature":"station","state":"present","station":"train","station_size":"normal","curated":true,"mapped_feature":"railway=station","tier":4,"rank":80,"basis":"Curated principal passenger hub for Rawalpindi; https://en.wikipedia.org/wiki/Rawalpindi_railway_station; identity https://www.wikidata.org/wiki/Q7296934","atlas_han":"none","atlas_zh":""}},{"type":"Feature","id":"Q5471883","geometry":{"type":"Point","coordinates":[79.850833,6.933611]},"properties":{"name":"Colombo Fort","name:ml":"കൊളംബോ കോട്ട","name:ta":"கொழும்பு கோட்டை","osm_type":"way","osm_id":"232514810","id":"way-232514810","wikidata":"Q5471883","feature":"station","state":"present","station":"train","station_size":"large","curated":true,"mapped_feature":"railway=station","tier":3,"rank":81,"basis":"Curated principal passenger hub for Colombo; https://en.wikipedia.org/wiki/Fort_railway_station; identity https://www.wikidata.org/wiki/Q5471883","atlas_han":"none","atlas_zh":""}},{"type":"Feature","id":"Q23925684","geometry":{"type":"Point","coordinates":[100.5417111,13.8040313]},"properties":{"name":"กรุงเทพอภิวัฒน์","name:en":"Krung Thep Aphiwat","name:ka":"クルンテープ・アピワット","name:ko":"끄룽텝 아피왓 중앙역","name:th":"กรุงเทพอภิวัฒน์","name:zh":"邦似中央车站","osm_type":"node","osm_id":"8986366369","id":"node-8986366369","wikidata":"Q23925684","feature":"station","state":"present","station":"train","station_size":"large","curated":true,"mapped_feature":"railway=station","tier":3,"rank":82,"basis":"Curated principal passenger hub for Bangkok; https://en.wikipedia.org/wiki/Krung_Thep_Aphiwat_Central_Terminal; identity https://www.wikidata.org/wiki/Q23925684","atlas_han":"none","atlas_zh":""}},{"type":"Feature","id":"Q1884773","geometry":{"type":"Point","coordinates":[99.0168234,18.7835223]},"properties":{"name":"เชียงใหม่","name:cs":"Čiang Mai","name:de":"Chiang Mai","name:en":"Chiang Mai","name:et":"Si Chiang Mai","name:fr":"Chiang Mai","name:hi":"चिआंग माई","name:ja":"チェンマイ","name:kn":"ಚಿಅಂಗ್ ಮೈ","name:ko":"치앙마이","name:my":"ချင်းမိုင်","name:nod":"ᨩ᩠ᨿᨦᩉᩲ᩠ᨾ᩵","name:ru":"Чиангмай","name:sr":"Чијанг Мај","name:th":"เชียงใหม่","name:uk":"Чіанґмай","name:vi":"Chiêng Mài","name:zh":"清迈","osm_type":"node","osm_id":"8797855637","id":"node-8797855637","wikidata":"Q1884773","feature":"station","state":"present","station":"train","station_size":"normal","curated":true,"mapped_feature":"railway=station","tier":4,"rank":84,"basis":"Curated principal passenger hub for Chiang Mai; https://en.wikipedia.org/wiki/Chiang_Mai_railway_station; identity https://www.wikidata.org/wiki/Q1884773","atlas_han":"none","atlas_zh":""}},{"type":"Feature","id":"Q1207323","geometry":{"type":"Point","coordinates":[105.8410067,21.0242336]},"properties":{"name":"Hà Nội","name:ar":"هانوي","name:en":"Hanoi","name:es":"Hanói","name:fr":"Hanoï","name:ja":"ハノイ","name:ko":"하노이","name:lo":"ຮ່າໂນ້ຍ","name:ru":"Ханой","name:th":"ฮานอย","name:vi":"Hà Nội","name:zh":"河内","osm_type":"node","osm_id":"10591743723","id":"node-10591743723","wikidata":"Q1207323","feature":"station","state":"present","station":"train","station_size":"large","curated":true,"mapped_feature":"railway=station","tier":3,"rank":85,"basis":"Curated principal passenger hub for Hanoi; https://en.wikipedia.org/wiki/Hanoi_railway_station; identity https://www.wikidata.org/wiki/Q1207323","atlas_han":"cjkv","atlas_zh":""}},{"type":"Feature","id":"Q2673539","geometry":{"type":"Point","coordinates":[106.6771626,10.782305]},"properties":{"name":"Sài Gòn","name:en":"Sai Gon","name:ja":"サイゴン駅","name:th":"ไซ่ง่อน","name:zh":"西贡","osm_type":"node","osm_id":"10591979655","id":"node-10591979655","wikidata":"Q2673539","feature":"station","state":"present","station":"train","station_size":"large","curated":true,"mapped_feature":"railway=station","tier":3,"rank":86,"basis":"Curated principal passenger hub for Ho Chi Minh City; https://en.wikipedia.org/wiki/Saigon_station; identity https://www.wikidata.org/wiki/Q2673539","atlas_han":"cjkv","atlas_zh":""}},{"type":"Feature","id":"Q801042","geometry":{"type":"Point","coordinates":[101.686,3.134]},"properties":{"name":"KL Sentral","name:en":"KL Sentral","name:ja":"KLセントラル","name:ko":"KL 센트랄","name:ms":"KL Sentral","name:ta":"கோலாலம்பூர் நடுவண் தொடருந்து நிலையம்","name:th":"สถานีรถไฟเซ็นทรัลกัวลาลัมเปอร์","name:zh":"吉隆坡中央","osm_type":"way","osm_id":"638688527","id":"way-638688527","wikidata":"Q801042","feature":"station","state":"present","station":"train","station_size":"large","curated":true,"mapped_feature":"railway=station","tier":3,"rank":88,"basis":"Curated principal passenger hub for Kuala Lumpur; https://en.wikipedia.org/wiki/Kuala_Lumpur_Sentral_station; identity https://www.wikidata.org/wiki/Q801042","atlas_han":"zh","atlas_zh":""}},{"type":"Feature","id":"Q6132274","geometry":{"type":"Point","coordinates":[103.7646343,1.4629737]},"properties":{"name":"Johor Bahru Sentral","name:en":"Johor Bahru Sentral","name:fr":"Gare de Johor Bahru Sentral","name:id":"Stasiun Johor Bahru Sentral","name:ja":"JBセントラル駅","name:ms":"Johor Bahru Sentral","name:ta":"ஜொகூர் பாரு சென்ட்ரல்","name:th":"ยะโฮร์บาห์รูเซ็นทรัล","name:zh":"新山中央车站","name:zh-Hans":"新山中央车站","name:zh-Hant":"新山中央車站","osm_type":"node","osm_id":"1639480363","id":"node-1639480363","wikidata":"Q6132274","feature":"station","state":"present","station":"train","station_size":"normal","curated":true,"mapped_feature":"railway=station","tier":5,"rank":89,"basis":"Curated additional passenger hub for Johor Bahru; https://en.wikipedia.org/wiki/Johor_Bahru_Sentral_station; identity https://www.wikidata.org/wiki/Q6132274","atlas_han":"zh","atlas_zh":""}},{"type":"Feature","id":"Q1889128","geometry":{"type":"Point","coordinates":[106.8306473,-6.1766553]},"properties":{"name":"Gambir","name:ja":"ガンビール","name:th":"กัมบีร์","name:zh-Hant":"甘密埔","osm_type":"node","osm_id":"4891132084","id":"node-4891132084","wikidata":"Q1889128","feature":"station","state":"present","station":"train","station_size":"large","curated":true,"mapped_feature":"railway=station","tier":3,"rank":90,"basis":"Curated principal passenger hub for Jakarta; https://en.wikipedia.org/wiki/Gambir_railway_station; identity https://www.wikidata.org/wiki/Q1889128","atlas_han":"none","atlas_zh":""}},{"type":"Feature","id":"Q2571158","geometry":{"type":"Point","coordinates":[107.6021243,-6.914258]},"properties":{"name":"Bandung","name:ja":"バンドン","osm_type":"node","osm_id":"10693460294","id":"node-10693460294","wikidata":"Q2571158","feature":"station","state":"present","station":"train","station_size":"normal","curated":true,"mapped_feature":"railway=station","tier":6,"rank":91,"basis":"Curated additional passenger hub for Bandung; https://en.wikipedia.org/wiki/Bandung_railway_station; identity https://www.wikidata.org/wiki/Q2571158","atlas_han":"none","atlas_zh":""}},{"type":"Feature","id":"Q7374763","geometry":{"type":"Point","coordinates":[104.9160379,11.5724555]},"properties":{"name":"ស្ថានីយ៍ភ្នំពេញ","name:en":"Phnom Penh","name:km":"ស្ថានីយ៍ភ្នំពេញ","name:ru":"Пномпень","name:th":"พนมเปญ","osm_type":"node","osm_id":"11519736545","id":"node-11519736545","wikidata":"Q7374763","feature":"station","state":"present","station":"train","station_size":"large","curated":true,"mapped_feature":"railway=station","tier":5,"rank":97,"basis":"Curated principal passenger hub for Phnom Penh; https://en.wikipedia.org/wiki/Phnom_Penh_railway_station; identity https://www.wikidata.org/wiki/Q7374763","atlas_han":"none","atlas_zh":""}},{"type":"Feature","id":"Q800161","geometry":{"type":"Point","coordinates":[106.8838584,47.9081991]},"properties":{"name":"Улаанбаатар ᠤᠯᠠᠭᠠᠨᠪᠠᠭᠠᠲᠤᠷ","name:en":"Ulan Bator","name:fr":"Oulan-Bator","name:mn":"Улаанбаатар","name:mn-Cyrl":"Улаанбаатар","name:mn-Mong":"ᠤᠯᠠᠭᠠᠨᠪᠠᠭᠠᠲᠤᠷ","name:ru":"Улан-Батор","name:zh":"乌兰巴托","osm_type":"node","osm_id":"566997277","id":"node-566997277","wikidata":"Q800161","feature":"station","state":"present","station":"train","station_size":"large","curated":true,"mapped_feature":"railway=station","tier":3,"rank":99,"basis":"Curated principal passenger hub for Ulaanbaatar; https://en.wikipedia.org/wiki/Ulaanbaatar_railway_station; identity https://www.wikidata.org/wiki/Q800161","atlas_han":"none","atlas_zh":""}},{"type":"Feature","id":"Q800371","geometry":{"type":"Point","coordinates":[76.939025,43.2739999]},"properties":{"name":"Алматы-2","name:en":"Almaty-2","name:kk":"Алматы-2","name:ru":"Алматы-2","name:zh":"阿拉木图Ⅱ","osm_type":"node","osm_id":"4020137342","id":"node-4020137342","wikidata":"Q800371","feature":"station","state":"present","station":"train","station_size":"large","curated":true,"mapped_feature":"railway=station","tier":3,"rank":100,"basis":"Curated principal passenger hub for Almaty; https://en.wikipedia.org/wiki/Almaty_2_railway_station; identity https://www.wikidata.org/wiki/Q800371","atlas_han":"none","atlas_zh":""}},{"type":"Feature","id":"Q30642068","geometry":{"type":"Point","coordinates":[71.5317705,51.1124516]},"properties":{"name":"Астана Нұрлы-Жол","name:kk":"Астана Нұрлы-Жол","name:ru":"Нурлы Жол","name:zh":"阿斯塔纳-努尔雷若尔","osm_type":"node","osm_id":"13676555260","id":"node-13676555260","wikidata":"Q30642068","feature":"station","state":"present","station":"train","station_size":"large","curated":true,"mapped_feature":"railway=station","tier":3,"rank":101,"basis":"Curated principal passenger hub for Astana; https://en.wikipedia.org/wiki/Astana-Nurly_Zhol_station; identity https://www.wikidata.org/wiki/Q30642068","atlas_han":"none","atlas_zh":""}},{"type":"Feature","id":"Q136688834","geometry":{"type":"Point","coordinates":[69.2874028,41.2909763]},"properties":{"name":"Toshkent-Yo'lovchi","name:en":"Tashkent-Passenger","name:fa":"مسافر تاشکند","name:ru":"Ташкент-Пассажирский","name:uz":"Toshkent-Yo'lovchi","name:zh":"塔什干","osm_type":"node","osm_id":"2204812766","id":"node-2204812766","wikidata":"Q136688834","feature":"station","state":"present","station":"train","station_size":"large","curated":true,"mapped_feature":"railway=station","tier":3,"rank":102,"basis":"Curated principal passenger hub for Tashkent; https://en.wikipedia.org/wiki/Tashkent_railway_station; identity https://www.wikidata.org/wiki/Q136688834","atlas_han":"none","atlas_zh":""}},{"type":"Feature","id":"Q9172267","geometry":{"type":"Point","coordinates":[74.6057036,42.8638321]},"properties":{"name":"Бишкек 2","name:en":"Bishkek 2","name:ru":"Бишкек 2","name:zh":"比什凯克Ⅱ","osm_type":"node","osm_id":"240449433","id":"node-240449433","wikidata":"Q9172267","feature":"station","state":"present","station":"train","station_size":"normal","curated":true,"mapped_feature":"railway=station","tier":5,"rank":103,"basis":"Curated principal passenger hub for Bishkek; https://en.wikipedia.org/wiki/Bishkek-2_railway_station; identity https://www.wikidata.org/wiki/Q9172267","atlas_han":"none","atlas_zh":""}},{"type":"Feature","id":"Q800974","geometry":{"type":"Point","coordinates":[28.977962,41.0150174]},"properties":{"name":"Sirkeci","name:fa":"سرکه‌چی","osm_type":"node","osm_id":"12660718814","id":"node-12660718814","wikidata":"Q800974","feature":"station","state":"present","station":"train","station_size":"normal","curated":true,"mapped_feature":"railway=station","tier":4,"rank":109,"basis":"Curated principal passenger hub for Istanbul; https://en.wikipedia.org/wiki/Sirkeci_railway_station; identity https://www.wikidata.org/wiki/Q800974","atlas_han":"none","atlas_zh":""}},{"type":"Feature","id":"Q1341835","geometry":{"type":"Point","coordinates":[44.7995025,41.7212783]},"properties":{"name":"თბილისის ცენტრალური სადგური","name:en":"Tbilisi Central Station","name:ru":"Центральный вокзал Тбилиси","osm_type":"node","osm_id":"13930771948","id":"node-13930771948","wikidata":"Q1341835","feature":"station","state":"present","station":"train","station_size":"normal","curated":true,"mapped_feature":"railway=station","tier":4,"rank":112,"basis":"Curated principal passenger hub for Tbilisi; https://en.wikipedia.org/wiki/Tbilisi_Central_railway_station; identity https://www.wikidata.org/wiki/Q1341835","atlas_han":"none","atlas_zh":""}},{"type":"Feature","id":"Q981696","geometry":{"type":"Point","coordinates":[35.202439,31.788219]},"properties":{"name":"תחנת הרכבת ירושלים – יצחק נבון","name:cs":"Jeruzalém – Jicchak Navon","name:en":"Jerusalem – Yitzhak Navon Railway Station","name:fi":"Jerusalemin rautatieasema","name:he":"תחנת הרכבת ירושלים – יצחק נבון","osm_type":"relation","osm_id":"5963179","id":"relation-5963179","wikidata":"Q981696","feature":"station","state":"present","station":"train","station_size":"normal","curated":true,"mapped_feature":"railway=station","tier":5,"rank":118,"basis":"Curated additional passenger hub for Jerusalem; https://en.wikipedia.org/wiki/Jerusalem%E2%80%93Yitzhak_Navon_railway_station; identity https://www.wikidata.org/wiki/Q981696","atlas_han":"none","atlas_zh":""}},{"type":"Feature","id":"Q747541","geometry":{"type":"Point","coordinates":[2.3737743,48.8446832]},"properties":{"name":"Gare de Lyon","name:ar":"محطة ليون","name:ko":"파리-가르 드 리옹","name:ru":"Лионский вокзал","name:uk":"Ліонський вокзал","name:zh":"里昂站","name:zh-Hans":"里昂站","name:zh-Hant":"里昂站","osm_type":"node","osm_id":"26824135","id":"node-26824135","wikidata":"Q747541","feature":"station","state":"present","station":"train","station_size":"large","curated":true,"mapped_feature":"railway=station","tier":3,"rank":119,"basis":"Curated principal passenger hub for Paris; https://en.wikipedia.org/wiki/Gare_de_Lyon; identity https://www.wikidata.org/wiki/Q747541","atlas_han":"none","atlas_zh":""}},{"type":"Feature","id":"Q2008","geometry":{"type":"Point","coordinates":[4.8601628,45.7605725]},"properties":{"name":"Lyon Part-Dieu","osm_type":"node","osm_id":"4290857016","id":"node-4290857016","wikidata":"Q2008","feature":"station","state":"present","station":"train","station_size":"normal","curated":true,"mapped_feature":"railway=station","tier":4,"rank":122,"basis":"Curated principal passenger hub for Lyon; https://en.wikipedia.org/wiki/Lyon-Part-Dieu_station; identity https://www.wikidata.org/wiki/Q2008","atlas_han":"none","atlas_zh":""}},{"type":"Feature","id":"Q371217","geometry":{"type":"Point","coordinates":[5.3811927,43.3032635]},"properties":{"name":"Marseille Saint-Charles","name:oc":"Estacion de Marselha - Sant Carles","osm_type":"node","osm_id":"4290857022","id":"node-4290857022","wikidata":"Q371217","feature":"station","state":"present","station":"train","station_size":"normal","curated":true,"mapped_feature":"railway=station","tier":4,"rank":123,"basis":"Curated principal passenger hub for Marseille; https://en.wikipedia.org/wiki/Marseille-Saint-Charles_station; identity https://www.wikidata.org/wiki/Q371217","atlas_han":"none","atlas_zh":""}},{"type":"Feature","id":"Q800564","geometry":{"type":"Point","coordinates":[-0.5556498,44.8255227]},"properties":{"name":"Bordeaux-Saint-Jean","name:oc":"Bordèu-Sant-Joan","osm_type":"node","osm_id":"5615156624","id":"node-5615156624","wikidata":"Q800564","feature":"station","state":"present","station":"train","station_size":"normal","curated":true,"mapped_feature":"railway=station","tier":5,"rank":124,"basis":"Curated additional passenger hub for Bordeaux; https://en.wikipedia.org/wiki/Bordeaux-Saint-Jean_station; identity https://www.wikidata.org/wiki/Q800564","atlas_han":"none","atlas_zh":""}},{"type":"Feature","id":"Q801099","geometry":{"type":"Point","coordinates":[3.075714,50.638983]},"properties":{"name":"Lille-Europe","name:en":"Lille-Europe station","name:fr":"Lille-Europe","osm_type":"node","osm_id":"8745537418","id":"node-8745537418","wikidata":"Q801099","feature":"station","state":"present","station":"train","station_size":"normal","curated":true,"mapped_feature":"railway=station","tier":6,"rank":125,"basis":"Curated additional passenger hub for Lille; https://en.wikipedia.org/wiki/Lille-Europe_station; identity https://www.wikidata.org/wiki/Q801099","atlas_han":"none","atlas_zh":""}},{"type":"Feature","id":"Q801473","geometry":{"type":"Point","coordinates":[7.7339249,48.5852933]},"properties":{"name":"Strasbourg","name:de":"Straßburg Hbf","osm_type":"node","osm_id":"3069229440","id":"node-3069229440","wikidata":"Q801473","feature":"station","state":"present","station":"train","station_size":"normal","curated":true,"mapped_feature":"railway=station","tier":5,"rank":126,"basis":"Curated additional passenger hub for Strasbourg; https://en.wikipedia.org/wiki/Strasbourg-Ville_station; identity https://www.wikidata.org/wiki/Q801473","atlas_han":"none","atlas_zh":""}},{"type":"Feature","id":"Q219867","geometry":{"type":"Point","coordinates":[-0.1230224,51.5323954]},"properties":{"name":"London King's Cross","name:ar":"كينغز كروس","name:ru":"Лондон Кингс-Кросс","name:zh":"伦敦国王十字","name:zh-Hans":"伦敦国王十字","name:zh-Hant":"倫敦國王十字","osm_type":"node","osm_id":"7159162454","id":"node-7159162454","wikidata":"Q219867","feature":"station","state":"present","station":"train","station_size":"large","curated":true,"mapped_feature":"railway=station","tier":4,"rank":127,"basis":"Curated principal passenger hub for London; https://en.wikipedia.org/wiki/London_King%27s_Cross_railway_station; identity https://www.wikidata.org/wiki/Q219867","atlas_han":"none","atlas_zh":""}},{"type":"Feature","id":"Q683063","geometry":{"type":"Point","coordinates":[-1.898694,52.4776459]},"properties":{"name":"Birmingham New Street","name:ar":"نیو استریت بیرمنگام","name:en":"Birmingham New Street","name:he":"ברמינגהאם ניו סטריט","name:ja":"バーミンガム・ニューストリート","name:zh":"伯明翰新街站","osm_type":"node","osm_id":"6765532062","id":"node-6765532062","wikidata":"Q683063","feature":"station","state":"present","station":"train","station_size":"normal","curated":true,"mapped_feature":"railway=station","tier":6,"rank":130,"basis":"Curated additional passenger hub for Birmingham; https://en.wikipedia.org/wiki/Birmingham_New_Street_railway_station; identity https://www.wikidata.org/wiki/Q683063","atlas_han":"none","atlas_zh":""}},{"type":"Feature","id":"Q600367","geometry":{"type":"Point","coordinates":[-2.2301402,53.4772197]},"properties":{"name":"Manchester Piccadilly","name:cy":"Piccadilly Manceinion","name:en":"Manchester Piccadilly","name:ur":"مانچسٹر پکاڈلی","osm_type":"node","osm_id":"5064005964","id":"node-5064005964","wikidata":"Q600367","feature":"station","state":"present","station":"train","station_size":"normal","curated":true,"mapped_feature":"railway=station","tier":4,"rank":131,"basis":"Curated principal passenger hub for Manchester; https://en.wikipedia.org/wiki/Manchester_Piccadilly_station; identity https://www.wikidata.org/wiki/Q600367","atlas_han":"none","atlas_zh":""}},{"type":"Feature","id":"Q800716","geometry":{"type":"Point","coordinates":[-3.1904199,55.9519018]},"properties":{"name":"Edinburgh Waverley","name:gd":"Waverley Dhùn Èideann","osm_type":"node","osm_id":"7149998196","id":"node-7149998196","wikidata":"Q800716","feature":"station","state":"present","station":"train","station_size":"normal","curated":true,"mapped_feature":"railway=station","tier":4,"rank":132,"basis":"Curated principal passenger hub for Edinburgh; https://en.wikipedia.org/wiki/Edinburgh_Waverley_railway_station; identity https://www.wikidata.org/wiki/Q800716","atlas_han":"none","atlas_zh":""}},{"type":"Feature","id":"Q800825","geometry":{"type":"Point","coordinates":[-4.2584361,55.8583132]},"properties":{"name":"Glasgow Central","name:gd":"Glaschu Mheadhain","name:ko":"글래스고 중앙역","osm_type":"node","osm_id":"6099806145","id":"node-6099806145","wikidata":"Q800825","feature":"station","state":"present","station":"train","station_size":"normal","curated":true,"mapped_feature":"railway=station","tier":6,"rank":133,"basis":"Curated additional passenger hub for Glasgow; https://en.wikipedia.org/wiki/Glasgow_Central_railway_station; identity https://www.wikidata.org/wiki/Q800825","atlas_han":"none","atlas_zh":""}},{"type":"Feature","id":"Q2292817","geometry":{"type":"Point","coordinates":[-3.1797057,51.4755495]},"properties":{"name":"Cardiff Central","name:cy":"Caerdydd Canolog","name:en":"Cardiff Central","osm_type":"node","osm_id":"6605149666","id":"node-6605149666","wikidata":"Q2292817","feature":"station","state":"present","station":"train","station_size":"normal","curated":true,"mapped_feature":"railway=station","tier":5,"rank":134,"basis":"Curated additional passenger hub for Cardiff; https://en.wikipedia.org/wiki/Cardiff_Central_railway_station; identity https://www.wikidata.org/wiki/Q2292817","atlas_han":"none","atlas_zh":""}},{"type":"Feature","id":"Q48817446","geometry":{"type":"Point","coordinates":[-5.9397315,54.5951509]},"properties":{"name":"Belfast Grand Central","name:ga":"Mórstáisiún Lárnach Bhéal Feirste","osm_type":"node","osm_id":"12248421687","id":"node-12248421687","wikidata":"Q48817446","feature":"station","state":"present","station":"train","station_size":"normal","curated":true,"mapped_feature":"railway=station","tier":5,"rank":135,"basis":"Curated additional passenger hub for Belfast; https://en.wikipedia.org/wiki/Belfast_Grand_Central_station; identity https://www.wikidata.org/wiki/Q48817446","atlas_han":"none","atlas_zh":""}},{"type":"Feature","id":"Q2377845","geometry":{"type":"Point","coordinates":[-6.2929685,53.3465025]},"properties":{"name":"Dublin Heuston","name:en":"Dublin Heuston","name:ga":"Baile Átha Cliath Heuston","osm_type":"node","osm_id":"6854406241","id":"node-6854406241","wikidata":"Q2377845","feature":"station","state":"present","station":"train","station_size":"normal","curated":true,"mapped_feature":"railway=station","tier":4,"rank":136,"basis":"Curated principal passenger hub for Dublin; https://en.wikipedia.org/wiki/Heuston_station; identity https://www.wikidata.org/wiki/Q2377845","atlas_han":"none","atlas_zh":""}},{"type":"Feature","id":"Q1097","geometry":{"type":"Point","coordinates":[13.369861,52.5246361]},"properties":{"name":"Berlin Hauptbahnhof (tief)","name:da":"Berlin Hovedbanegård","name:ja":"ベルリン中央駅","osm_type":"node","osm_id":"2459919675","id":"node-2459919675","wikidata":"Q1097","feature":"station","state":"present","station":"train","station_size":"large","curated":true,"mapped_feature":"railway=station","tier":3,"rank":137,"basis":"Curated principal passenger hub for Berlin; https://en.wikipedia.org/wiki/Berlin_Hauptbahnhof; identity https://www.wikidata.org/wiki/Q1097","atlas_han":"none","atlas_zh":""}},{"type":"Feature","id":"Q165368","geometry":{"type":"Point","coordinates":[8.6625808,50.1066539]},"properties":{"name":"Frankfurt (Main) Hauptbahnhof","name:de":"Frankfurt (Main) Hauptbahnhof","name:fr":"Francfort-sur-le-Main Gare Centrale","name:ja":"フランクフルト(マイン)中央駅","osm_type":"node","osm_id":"205364328","id":"node-205364328","wikidata":"Q165368","feature":"station","state":"present","station":"train","station_size":"normal","curated":true,"mapped_feature":"railway=station","tier":4,"rank":138,"basis":"Curated principal passenger hub for Frankfurt; https://en.wikipedia.org/wiki/Frankfurt_%28Main%29_Hauptbahnhof; identity https://www.wikidata.org/wiki/Q165368","atlas_han":"none","atlas_zh":""}},{"type":"Feature","id":"Q6456","geometry":{"type":"Point","coordinates":[10.0064364,53.5531993]},"properties":{"name":"Hamburg Hauptbahnhof","name:da":"Hamborg Hovedbanegård","name:de":"Hamburg Hauptbahnhof","name:el":"Κεντρικός σταθμός Αμβούργου","name:en":"Hamburg Central Station","name:es":"Estación central de Hamburgo","name:fr":"Gare centrale de Hambourg","name:it":"Stazione centrale di Amburgo","name:ja":"ハンブルク中央駅","name:nl":"Hamburg Centraal Station","name:th":"สถานีรถไฟหลักฮัมบวร์ค","name:th-Latn":"Sathani Rotfai Lak Hamburg","osm_type":"node","osm_id":"1680910488","id":"node-1680910488","wikidata":"Q6456","feature":"station","state":"present","station":"train","station_size":"normal","curated":true,"mapped_feature":"railway=station","tier":4,"rank":139,"basis":"Curated principal passenger hub for Hamburg; https://en.wikipedia.org/wiki/Hamburg_Hauptbahnhof; identity https://www.wikidata.org/wiki/Q6456","atlas_han":"none","atlas_zh":""}},{"type":"Feature","id":"Q254647","geometry":{"type":"Point","coordinates":[11.5569426,48.1407253]},"properties":{"name":"München Hauptbahnhof","name:de":"München Hauptbahnhof","name:en":"Munich Central Station","name:es":"Estación Central de Múnich","name:fr":"Munich Gare Centrale","name:it":"Monaco di Baviera Centrale","name:mvv":"Hauptbahnhof","name:ru":"Главный вокзал Мюнхена","osm_type":"node","osm_id":"2470201868","id":"node-2470201868","wikidata":"Q254647","feature":"station","state":"present","station":"train","station_size":"normal","curated":true,"mapped_feature":"railway=station","tier":4,"rank":140,"basis":"Curated principal passenger hub for Munich; https://en.wikipedia.org/wiki/M%C3%BCnchen_Hauptbahnhof; identity https://www.wikidata.org/wiki/Q254647","atlas_han":"none","atlas_zh":""}},{"type":"Feature","id":"Q1954","geometry":{"type":"Point","coordinates":[6.9590705,50.9427839]},"properties":{"name":"Köln Hauptbahnhof","osm_type":"node","osm_id":"2399559029","id":"node-2399559029","wikidata":"Q1954","feature":"station","state":"present","station":"train","station_size":"normal","curated":true,"mapped_feature":"railway=station","tier":5,"rank":141,"basis":"Curated additional passenger hub for Cologne; https://en.wikipedia.org/wiki/K%C3%B6ln_Hauptbahnhof; identity https://www.wikidata.org/wiki/Q1954","atlas_han":"none","atlas_zh":""}},{"type":"Feature","id":"Q703916","geometry":{"type":"Point","coordinates":[12.3830858,51.3465518]},"properties":{"name":"Leipzig Hauptbahnhof","name:fr":"Gare centrale de Leipzig","name:ja":"ライプツィヒ中央駅","osm_type":"node","osm_id":"376142577","id":"node-376142577","wikidata":"Q703916","feature":"station","state":"present","station":"train","station_size":"normal","curated":true,"mapped_feature":"railway=station","tier":5,"rank":142,"basis":"Curated additional passenger hub for Leipzig; https://en.wikipedia.org/wiki/Leipzig_Hauptbahnhof; identity https://www.wikidata.org/wiki/Q703916","atlas_han":"none","atlas_zh":""}},{"type":"Feature","id":"Q704354","geometry":{"type":"Point","coordinates":[13.7320768,51.0402452]},"properties":{"name":"Dresden Hbf","osm_type":"node","osm_id":"25397500","id":"node-25397500","wikidata":"Q704354","feature":"station","state":"present","station":"train","station_size":"normal","curated":true,"mapped_feature":"railway=station","tier":6,"rank":143,"basis":"Curated additional passenger hub for Dresden; https://en.wikipedia.org/wiki/Dresden_Hauptbahnhof; identity https://www.wikidata.org/wiki/Q704354","atlas_han":"none","atlas_zh":""}},{"type":"Feature","id":"Q613766","geometry":{"type":"Point","coordinates":[9.1833959,48.7856099]},"properties":{"name":"Stuttgart Hauptbahnhof","name:de":"Stuttgart Hauptbahnhof","name:en":"Stuttgart Main Station","name:fr":"Stuttgart Gare Centrale","osm_type":"node","osm_id":"1635698272","id":"node-1635698272","wikidata":"Q613766","feature":"station","state":"present","station":"train","station_size":"normal","curated":true,"mapped_feature":"railway=station","tier":6,"rank":144,"basis":"Curated additional passenger hub for Stuttgart; https://en.wikipedia.org/wiki/Stuttgart_Hauptbahnhof; identity https://www.wikidata.org/wiki/Q613766","atlas_han":"none","atlas_zh":""}},{"type":"Feature","id":"Q50719","geometry":{"type":"Point","coordinates":[4.9005805,52.378901]},"properties":{"name":"Amsterdam Centraal","name:de":"Amsterdam Hauptbahnhof","name:el":"Κεντρικός σταθμός Άμστερνταμ","name:en":"Amsterdam Central Station","name:es":"Estación Central de Ámsterdam","name:fr":"Amsterdam-Central","name:ja":"アムステルダム中央駅","name:ko":"암스테르담 중앙역","name:nl":"Amsterdam Centraal","name:zh":"阿姆斯特丹中央车站","name:zh-Hant":"阿姆斯特丹中央車站","osm_type":"node","osm_id":"4290854847","id":"node-4290854847","wikidata":"Q50719","feature":"station","state":"present","station":"train","station_size":"normal","curated":true,"mapped_feature":"railway=station","tier":4,"rank":145,"basis":"Curated principal passenger hub for Amsterdam; https://en.wikipedia.org/wiki/Amsterdam_Centraal_station; identity https://www.wikidata.org/wiki/Q50719","atlas_han":"none","atlas_zh":""}},{"type":"Feature","id":"Q800587","geometry":{"type":"Point","coordinates":[4.3360541,50.8357755]},"properties":{"name":"Bruxelles-Midi - Brussel-Zuid","name:ar":"بروكسل الجنوبية","name:de":"Brüssel-Süd","name:en":"Brussels-Midi","name:es":"Bruselas Sur","name:fr":"Bruxelles-Midi","name:nl":"Brussel-Zuid","name:ur":"جنوبی برسلز (مِڈی)","osm_type":"node","osm_id":"17401552","id":"node-17401552","wikidata":"Q800587","feature":"station","state":"present","station":"train","station_size":"normal","curated":true,"mapped_feature":"railway=station","tier":5,"rank":147,"basis":"Curated principal passenger hub for Brussels; https://en.wikipedia.org/wiki/Brussels-South_railway_station; identity https://www.wikidata.org/wiki/Q800587","atlas_han":"none","atlas_zh":""}},{"type":"Feature","id":"Q801140","geometry":{"type":"Point","coordinates":[6.1342493,49.5999681]},"properties":{"name":"Luxembourg","name:br":"Luksembourg","name:en":"Luxembourg","name:fr":"Luxembourg","name:lb":"Lëtzebuerg","osm_type":"node","osm_id":"3964570119","id":"node-3964570119","wikidata":"Q801140","feature":"station","state":"present","station":"train","station_size":"normal","curated":true,"mapped_feature":"railway=station","tier":5,"rank":148,"basis":"Curated additional passenger hub for Luxembourg; https://en.wikipedia.org/wiki/Luxembourg_railway_station; identity https://www.wikidata.org/wiki/Q801140","atlas_han":"none","atlas_zh":""}},{"type":"Feature","id":"Q224494","geometry":{"type":"Point","coordinates":[8.5393635,47.3781008]},"properties":{"name":"Zürich Hauptbahnhof","name:fr":"Zurich Gare Centrale","name:tr":"Zürih Ana İstasyonu","osm_type":"node","osm_id":"1236383343","id":"node-1236383343","wikidata":"Q224494","feature":"station","state":"present","station":"train","station_size":"normal","curated":true,"mapped_feature":"railway=station","tier":5,"rank":149,"basis":"Curated principal passenger hub for Zurich; https://en.wikipedia.org/wiki/Z%C3%BCrich_Hauptbahnhof; identity https://www.wikidata.org/wiki/Q224494","atlas_han":"none","atlas_zh":""}},{"type":"Feature","id":"Q667201","geometry":{"type":"Point","coordinates":[7.5896417,47.5476225]},"properties":{"name":"Basel SBB","name:de":"Basel SBB","name:fr":"Bâle CFF","osm_type":"node","osm_id":"3080746011","id":"node-3080746011","wikidata":"Q667201","feature":"station","state":"present","station":"train","station_size":"normal","curated":true,"mapped_feature":"railway=station","tier":6,"rank":150,"basis":"Curated additional passenger hub for Basel; https://en.wikipedia.org/wiki/Basel_SBB_railway_station; identity https://www.wikidata.org/wiki/Q667201","atlas_han":"none","atlas_zh":""}},{"type":"Feature","id":"Q697300","geometry":{"type":"Point","coordinates":[16.3779391,48.1849883]},"properties":{"name":"Wien Hauptbahnhof","name:de":"Wien Hauptbahnhof","name:en":"Vienna Central Station","name:es":"Estación Central de Viena","name:ko":"빈 중앙역","name:ml":"വിയന്ന സെൻട്രൽ സ്റ്റേഷൻ","osm_type":"node","osm_id":"1839787470","id":"node-1839787470","wikidata":"Q697300","feature":"station","state":"present","station":"train","station_size":"normal","curated":true,"mapped_feature":"railway=station","tier":4,"rank":152,"basis":"Curated principal passenger hub for Vienna; https://en.wikipedia.org/wiki/Wien_Hauptbahnhof; identity https://www.wikidata.org/wiki/Q697300","atlas_han":"none","atlas_zh":""}},{"type":"Feature","id":"Q694694","geometry":{"type":"Point","coordinates":[13.045853,47.8130618]},"properties":{"name":"Salzburg Hauptbahnhof","osm_type":"node","osm_id":"302097253","id":"node-302097253","wikidata":"Q694694","feature":"station","state":"present","station":"train","station_size":"normal","curated":true,"mapped_feature":"railway=station","tier":6,"rank":153,"basis":"Curated additional passenger hub for Salzburg; https://en.wikipedia.org/wiki/Salzburg_Hauptbahnhof; identity https://www.wikidata.org/wiki/Q694694","atlas_han":"none","atlas_zh":""}},{"type":"Feature","id":"Q754485","geometry":{"type":"Point","coordinates":[12.5025272,41.9005815]},"properties":{"name":"Roma Termini","name:cs":"Řím","name:da":"Rom","name:de":"Rom","name:en":"Rome","name:fr":"Rome","name:ja":"ローマ","name:ko":"로마","name:nl":"Rome","name:pl":"Rzym","name:ru":"Рим","name:sv":"Rom","name:zh":"罗马市","osm_type":"node","osm_id":"251904108","id":"node-251904108","wikidata":"Q754485","feature":"station","state":"present","station":"train","station_size":"large","curated":true,"mapped_feature":"railway=station","tier":3,"rank":154,"basis":"Curated principal passenger hub for Rome; https://en.wikipedia.org/wiki/Roma_Termini_railway_station; identity https://www.wikidata.org/wiki/Q754485","atlas_han":"none","atlas_zh":""}},{"type":"Feature","id":"Q801115","geometry":{"type":"Point","coordinates":[-9.0990726,38.7678206]},"properties":{"name":"Lisboa - Oriente","osm_type":"node","osm_id":"6297158592","id":"node-6297158592","wikidata":"Q801115","feature":"station","state":"present","station":"train","station_size":"normal","curated":true,"mapped_feature":"railway=station","tier":4,"rank":164,"basis":"Curated principal passenger hub for Lisbon; https://en.wikipedia.org/wiki/Lisbon-Oriente_Station; identity https://www.wikidata.org/wiki/Q801115","atlas_han":"none","atlas_zh":""}},{"type":"Feature","id":"Q801328","geometry":{"type":"Point","coordinates":[-8.5847098,41.1491917]},"properties":{"name":"Porto - Campanhã","osm_type":"node","osm_id":"10783341023","id":"node-10783341023","wikidata":"Q801328","feature":"station","state":"present","station":"train","station_size":"normal","curated":true,"mapped_feature":"railway=station","tier":5,"rank":165,"basis":"Curated additional passenger hub for Porto; https://en.wikipedia.org/wiki/Campanh%C3%A3_railway_station; identity https://www.wikidata.org/wiki/Q801328","atlas_han":"none","atlas_zh":""}},{"type":"Feature","id":"Q1410317","geometry":{"type":"Point","coordinates":[10.7531379,59.9110251]},"properties":{"name":"Oslo S","name:de":"Oslo Hauptbahnhof","name:en":"Oslo Central Station","name:et":"Oslo keskraudteejaam","name:fi":"Oslon keskusrautatieasema","name:fr":"Gare centrale d'Oslo","name:ja":"オスロ中央駅","name:no":"Oslo S","name:pt":"Estação Central de Oslo","name:zh":"奥斯陆站","osm_type":"node","osm_id":"660921","id":"node-660921","wikidata":"Q1410317","feature":"station","state":"present","station":"train","station_size":"large","curated":true,"mapped_feature":"railway=station","tier":3,"rank":166,"basis":"Curated principal passenger hub for Oslo; https://en.wikipedia.org/wiki/Oslo_Central_Station; identity https://www.wikidata.org/wiki/Q1410317","atlas_han":"none","atlas_zh":""}},{"type":"Feature","id":"Q3267413","geometry":{"type":"Point","coordinates":[5.3334,60.3903]},"properties":{"name":"Bergen","osm_type":"relation","osm_id":"7188623","id":"relation-7188623","wikidata":"Q3267413","feature":"station","state":"present","station":"train","station_size":"normal","curated":true,"mapped_feature":"building=train_station","tier":5,"rank":167,"basis":"Curated additional passenger hub for Bergen; https://en.wikipedia.org/wiki/Bergen_station; identity https://www.wikidata.org/wiki/Q3267413","atlas_han":"none","atlas_zh":""}},{"type":"Feature","id":"Q3095584","geometry":{"type":"Point","coordinates":[10.399955,63.4365967]},"properties":{"name":"Trondheim S","name:en":"Trondheim Central Station","osm_type":"node","osm_id":"5526332028","id":"node-5526332028","wikidata":"Q3095584","feature":"station","state":"present","station":"train","station_size":"normal","curated":true,"mapped_feature":"railway=station","tier":4,"rank":168,"basis":"Curated principal passenger hub for Trondheim; https://en.wikipedia.org/wiki/Trondheim_Central_Station; identity https://www.wikidata.org/wiki/Q3095584","atlas_han":"none","atlas_zh":""}},{"type":"Feature","id":"Q54315","geometry":{"type":"Point","coordinates":[18.0575007,59.3298746]},"properties":{"name":"Stockholm Central","name:sv":"Stockholm Central","osm_type":"node","osm_id":"25948183","id":"node-25948183","wikidata":"Q54315","feature":"station","state":"present","station":"train","station_size":"large","curated":true,"mapped_feature":"railway=station","tier":4,"rank":169,"basis":"Curated principal passenger hub for Stockholm; https://en.wikipedia.org/wiki/Stockholm_Central_Station; identity https://www.wikidata.org/wiki/Q54315","atlas_han":"none","atlas_zh":""}},{"type":"Feature","id":"Q54326","geometry":{"type":"Point","coordinates":[11.9731864,57.7093483]},"properties":{"name":"Göteborgs central","name:da":"Göteborgs central","name:en":"Gothenburg Central","name:fi":"Göteborgin keskusrautatieasema","name:sv":"Göteborgs central","osm_type":"node","osm_id":"1305188216","id":"node-1305188216","wikidata":"Q54326","feature":"station","state":"present","station":"train","station_size":"normal","curated":true,"mapped_feature":"railway=station","tier":5,"rank":170,"basis":"Curated additional passenger hub for Gothenburg; https://en.wikipedia.org/wiki/Gothenburg_Central_Station; identity https://www.wikidata.org/wiki/Q54326","atlas_han":"none","atlas_zh":""}},{"type":"Feature","id":"Q1495052","geometry":{"type":"Point","coordinates":[12.5653736,55.6724527]},"properties":{"name":"Københavns Hovedbanegård","name:da":"Københavns Hovedbanegård","name:de":"Kopenhagen Hbf","name:en":"Copenhagen Central Station","name:fi":"Kööpenhaminan päärautatieasema","name:fr":"Gare centrale de Copenhague","name:ja":"コペンハーゲン中央","name:ko":"코펜하겐 중앙역","name:sv":"Köpenhamns centralstation","osm_type":"node","osm_id":"3739700410","id":"node-3739700410","wikidata":"Q1495052","feature":"station","state":"present","station":"train","station_size":"normal","curated":true,"mapped_feature":"railway=station","tier":4,"rank":172,"basis":"Curated principal passenger hub for Copenhagen; https://en.wikipedia.org/wiki/Copenhagen_Central_Station; identity https://www.wikidata.org/wiki/Q1495052","atlas_han":"none","atlas_zh":""}},{"type":"Feature","id":"Q1044613","geometry":{"type":"Point","coordinates":[24.9412486,60.1720965]},"properties":{"name":"Helsinki","name:fi":"Helsinki","name:ja":"ヘルシンキ","name:ja-Hira":"へるしんき","name:ja-Latn":"Herushinki","name:sv":"Helsingfors","name:zh":"赫尔辛基","osm_type":"node","osm_id":"25474663","id":"node-25474663","wikidata":"Q1044613","feature":"station","state":"present","station":"train","station_size":"large","curated":true,"mapped_feature":"railway=station","tier":3,"rank":173,"basis":"Curated principal passenger hub for Helsinki; https://en.wikipedia.org/wiki/Helsinki_Central_Station; identity https://www.wikidata.org/wiki/Q1044613","atlas_han":"none","atlas_zh":""}},{"type":"Feature","id":"Q801513","geometry":{"type":"Point","coordinates":[23.7738581,61.498237]},"properties":{"name":"Tampere","name:fi":"Tampere","name:ru":"Тампере","name:sv":"Tammerfors","osm_type":"node","osm_id":"34943548","id":"node-34943548","wikidata":"Q801513","feature":"station","state":"present","station":"train","station_size":"normal","curated":true,"mapped_feature":"railway=station","tier":5,"rank":174,"basis":"Curated additional passenger hub for Tampere; https://en.wikipedia.org/wiki/Tampere_Central_Station; identity https://www.wikidata.org/wiki/Q801513","atlas_han":"none","atlas_zh":""}},{"type":"Feature","id":"Q3270598","geometry":{"type":"Point","coordinates":[25.4843355,65.0113317]},"properties":{"name":"Oulu","name:fi":"Oulu","name:sv":"Uleåborg","osm_type":"node","osm_id":"205329095","id":"node-205329095","wikidata":"Q3270598","feature":"station","state":"present","station":"train","station_size":"normal","curated":true,"mapped_feature":"railway=station","tier":4,"rank":175,"basis":"Curated principal passenger hub for Oulu; https://en.wikipedia.org/wiki/Oulu_railway_station; identity https://www.wikidata.org/wiki/Q3270598","atlas_han":"none","atlas_zh":""}},{"type":"Feature","id":"Q2660080","geometry":{"type":"Point","coordinates":[24.1229108,56.9463999]},"properties":{"name":"Rīgas Centrālā stacija","name:de":"Riga Hauptbahnhof","name:en":"Riga Central","name:et":"Riia raudteejaam","name:lt":"Rygos centrinė stotis","name:lv":"Centrālā stacija Rīga","osm_type":"node","osm_id":"7799405223","id":"node-7799405223","wikidata":"Q2660080","feature":"station","state":"present","station":"train","station_size":"normal","curated":true,"mapped_feature":"railway=station","tier":4,"rank":177,"basis":"Curated principal passenger hub for Riga; https://en.wikipedia.org/wiki/Riga_Central_Station; identity https://www.wikidata.org/wiki/Q2660080","atlas_han":"none","atlas_zh":""}},{"type":"Feature","id":"Q693034","geometry":{"type":"Point","coordinates":[21.00316,52.2288207]},"properties":{"name":"Warszawa Centralna","name:be":"Варшава Цэнтральная","name:cs":"Varšava centrální nádraží","name:de":"Warschau Hauptbahnhof","name:en":"Warsaw Central","name:fa":"مرکز ورشو","name:ja":"ワルシャワ中央駅","name:pl":"Warszawa Centralna","name:ru":"Варшава Центральная","osm_type":"node","osm_id":"9814916146","id":"node-9814916146","wikidata":"Q693034","feature":"station","state":"present","station":"train","station_size":"large","curated":true,"mapped_feature":"railway=station","tier":4,"rank":179,"basis":"Curated principal passenger hub for Warsaw; https://en.wikipedia.org/wiki/Warszawa_Centralna_railway_station; identity https://www.wikidata.org/wiki/Q693034","atlas_han":"none","atlas_zh":""}},{"type":"Feature","id":"Q2154725","geometry":{"type":"Point","coordinates":[19.9478862,50.0684238]},"properties":{"name":"Kraków Główny","name:cs":"Krakov hlavní nádraží","name:de":"Krakau Hauptbahnhof","name:en":"Krakow Main Station","name:pl":"Kraków Główny","name:ru":"Станция Краков-Главный","name:uk":"Краків Головний","name:zh":"克拉科夫火車總站","osm_type":"node","osm_id":"206270454","id":"node-206270454","wikidata":"Q2154725","feature":"station","state":"present","station":"train","station_size":"normal","curated":true,"mapped_feature":"railway=station","tier":5,"rank":180,"basis":"Curated additional passenger hub for Krakow; https://en.wikipedia.org/wiki/Krak%C3%B3w_G%C5%82%C3%B3wny_railway_station; identity https://www.wikidata.org/wiki/Q2154725","atlas_han":"none","atlas_zh":""}},{"type":"Feature","id":"Q428443","geometry":{"type":"Point","coordinates":[17.0379512,51.097916]},"properties":{"name":"Wrocław Główny","osm_type":"node","osm_id":"155479759","id":"node-155479759","wikidata":"Q428443","feature":"station","state":"present","station":"train","station_size":"normal","curated":true,"mapped_feature":"railway=station","tier":5,"rank":181,"basis":"Curated additional passenger hub for Wroclaw; https://en.wikipedia.org/wiki/Wroc%C5%82aw_G%C5%82%C3%B3wny_railway_station; identity https://www.wikidata.org/wiki/Q428443","atlas_han":"none","atlas_zh":""}},{"type":"Feature","id":"Q557448","geometry":{"type":"Point","coordinates":[18.6441946,54.3564345]},"properties":{"name":"Gdańsk Główny","name:de":"Danzig Hauptbahnhof","name:en":"Gdańsk railway station","name:ja":"グダニスク中央駅","name:ja-Hira":"ぐだにすくちゅうおうえき","name:pl":"Gdańsk Główny","name:ru":"Гданьск Главный","name:uk":"Ґданськ Головний","osm_type":"node","osm_id":"3784638270","id":"node-3784638270","wikidata":"Q557448","feature":"station","state":"present","station":"train","station_size":"normal","curated":true,"mapped_feature":"railway=station","tier":5,"rank":182,"basis":"Curated additional passenger hub for Gdansk; https://en.wikipedia.org/wiki/Gda%C5%84sk_G%C5%82%C3%B3wny_railway_station; identity https://www.wikidata.org/wiki/Q557448","atlas_han":"none","atlas_zh":""}},{"type":"Feature","id":"Q751174","geometry":{"type":"Point","coordinates":[14.4360939,50.0829628]},"properties":{"name":"Praha hlavní nádraží","name:cs":"Praha hlavní nádraží","name:de":"Prag Hauptbahnhof","name:en":"Prague Main Station","name:es":"Estación Central de Praga","name:fi":"Prahan päärautatieasema","name:fr":"Gare centrale de Prague","name:it":"Praga Centrale","name:ja":"プラハ本駅","name:nl":"Praag Hoofdstation","name:pl":"Praga Główna","name:ru":"Прага-Главный вокзал","name:sk":"Praha hlavní nádraží","name:zh":"布拉格中央火车站","osm_type":"node","osm_id":"3134751791","id":"node-3134751791","wikidata":"Q751174","feature":"station","state":"present","station":"train","station_size":"normal","curated":true,"mapped_feature":"railway=station","tier":4,"rank":183,"basis":"Curated principal passenger hub for Prague; https://en.wikipedia.org/wiki/Praha_hlavn%C3%AD_n%C3%A1dra%C5%BE%C3%AD; identity https://www.wikidata.org/wiki/Q751174","atlas_han":"none","atlas_zh":""}},{"type":"Feature","id":"Q841167","geometry":{"type":"Point","coordinates":[19.08398,47.500412]},"properties":{"name":"Budapest-Keleti","name:de":"Budapest Ostbahnhof","name:en":"Budapest Keleti Station","name:ko":"동부 철도역","osm_type":"node","osm_id":"3141893115","id":"node-3141893115","wikidata":"Q841167","feature":"station","state":"present","station":"train","station_size":"normal","curated":true,"mapped_feature":"railway=station","tier":5,"rank":185,"basis":"Curated principal passenger hub for Budapest; https://en.wikipedia.org/wiki/Budapest_Keleti_station; identity https://www.wikidata.org/wiki/Q841167","atlas_han":"none","atlas_zh":""}},{"type":"Feature","id":"Q140377","geometry":{"type":"Point","coordinates":[15.9788333,45.8044464]},"properties":{"name":"Zagreb Glavni kolodvor","name:de":"Zagreb Hauptbahnhof","name:en":"Zagreb Central Railway Station","osm_type":"node","osm_id":"5627130425","id":"node-5627130425","wikidata":"Q140377","feature":"station","state":"present","station":"train","station_size":"normal","curated":true,"mapped_feature":"railway=station","tier":5,"rank":187,"basis":"Curated additional passenger hub for Zagreb; https://en.wikipedia.org/wiki/Zagreb_Glavni_kolodvor; identity https://www.wikidata.org/wiki/Q140377","atlas_han":"none","atlas_zh":""}},{"type":"Feature","id":"Q9333848","geometry":{"type":"Point","coordinates":[18.3989497,43.8604591]},"properties":{"name":"Sarajevo","name:ar":"سراييفو","name:bs":"Sarajevo","name:en":"Sarajevo","name:fa":"سارایوو","name:hr":"Sarajevo","name:sr":"Сарајево","name:sr-Latn":"Sarajevo","name:ug":"سارايېۋو","name:ur":"سرائیوو","osm_type":"node","osm_id":"942406094","id":"node-942406094","wikidata":"Q9333848","feature":"station","state":"present","station":"train","station_size":"normal","curated":true,"mapped_feature":"railway=station","tier":5,"rank":189,"basis":"Curated additional passenger hub for Sarajevo; https://en.wikipedia.org/wiki/Sarajevo_main_railway_station; identity https://www.wikidata.org/wiki/Q9333848","atlas_han":"none","atlas_zh":""}},{"type":"Feature","id":"Q683346","geometry":{"type":"Point","coordinates":[26.0738428,44.4467388]},"properties":{"name":"Gara de Nord","osm_type":"node","osm_id":"13121251703","id":"node-13121251703","wikidata":"Q683346","feature":"station","state":"present","station":"train","station_size":"normal","curated":true,"mapped_feature":"railway=station","tier":4,"rank":191,"basis":"Curated principal passenger hub for Bucharest; https://en.wikipedia.org/wiki/Bucharest_North_railway_station; identity https://www.wikidata.org/wiki/Q683346","atlas_han":"none","atlas_zh":""}},{"type":"Feature","id":"Q2095010","geometry":{"type":"Point","coordinates":[23.3207725,42.7122278]},"properties":{"name":"Централна гара София","name:bg":"Централна гара София","name:en":"Sofia Central Station","osm_type":"node","osm_id":"13254223964","id":"node-13254223964","wikidata":"Q2095010","feature":"station","state":"present","station":"train","station_size":"normal","curated":true,"mapped_feature":"railway=station","tier":5,"rank":192,"basis":"Curated additional passenger hub for Sofia; https://en.wikipedia.org/wiki/Sofia_Central_Station; identity https://www.wikidata.org/wiki/Q2095010","atlas_han":"none","atlas_zh":""}},{"type":"Feature","id":"Q15116556","geometry":{"type":"Point","coordinates":[22.9291851,40.6451119]},"properties":{"name":"Θεσσαλονίκη","name:ar":"سالونيك","name:arz":"محطة نيو","name:bg":"Солун","name:ca":"Tessalònica","name:de":"Thessaloniki","name:el":"Θεσσαλονίκη","name:en":"Thessaloniki","name:es":"Salónica","name:fi":"Thessaloniki","name:fr":"Thessalonique","name:it":"Salonicco","name:ja":"テッサロニキ","name:mk":"Солун","name:nl":"Thessaloniki","name:pl":"Saloniki","name:ru":"Салоники","name:sq":"Selanik","name:tr":"Selanik","name:zh":"塞薩洛尼基","osm_type":"node","osm_id":"4925130296","id":"node-4925130296","wikidata":"Q15116556","feature":"station","state":"present","station":"train","station_size":"normal","curated":true,"mapped_feature":"railway=station","tier":5,"rank":193,"basis":"Curated additional passenger hub for Thessaloniki; https://en.wikipedia.org/wiki/Thessaloniki_railway_station; identity https://www.wikidata.org/wiki/Q15116556","atlas_han":"none","atlas_zh":""}},{"type":"Feature","id":"Q2105249","geometry":{"type":"Point","coordinates":[30.4886551,50.4398558]},"properties":{"name":"Київ-Пасажирський","name:cs":"Kyjiv-Pasažyrskyj","name:de":"Kiew Personenbahnhof","name:en":"Kyiv Passenger Railway Station","name:es":"Estación central de ferrocarril de Kiev","name:pl":"Kijów Centralny","name:ru":"Киев-Пассажирский","name:ru-Latn":"Kijew-Passajirski","name:uk":"Київ-Пасажирський","name:uk-Latn":"Kyiv-Pasazhyrskyi","name:zh":"基辅客运","osm_type":"node","osm_id":"2644051429","id":"node-2644051429","wikidata":"Q2105249","feature":"station","state":"present","station":"train","station_size":"large","curated":true,"mapped_feature":"railway=station","tier":3,"rank":196,"basis":"Curated principal passenger hub for Kyiv; https://en.wikipedia.org/wiki/Kyiv-Pasazhyrskyi_railway_station; identity https://www.wikidata.org/wiki/Q2105249","atlas_han":"none","atlas_zh":""}},{"type":"Feature","id":"Q15072398","geometry":{"type":"Point","coordinates":[30.7406004,46.4667164]},"properties":{"name":"Одеса-Головна","name:en":"Odesa-Holovna","name:ru":"Одесса-Главная","name:uk":"Одеса-Головна","name:zh":"敖德萨总站","osm_type":"node","osm_id":"3911229407","id":"node-3911229407","wikidata":"Q15072398","feature":"station","state":"present","station":"train","station_size":"normal","curated":true,"mapped_feature":"railway=station","tier":4,"rank":198,"basis":"Curated principal passenger hub for Odesa; https://en.wikipedia.org/wiki/Odesa-Holovna_railway_station; identity https://www.wikidata.org/wiki/Q15072398","atlas_han":"none","atlas_zh":""}},{"type":"Feature","id":"Q801196","geometry":{"type":"Point","coordinates":[27.5490868,53.8905701]},"properties":{"name":"Мінск-Пасажырскі","name:be":"Мінск-Пасажырскі","name:eo":"Minsk-Pasaĵirski","name:pl":"Mińsk Pasażerski","name:ru":"Минск-Пассажирский","name:ru-Latn":"Minsk-Passajirski","name:zh":"明斯克客运","osm_type":"node","osm_id":"27184541","id":"node-27184541","wikidata":"Q801196","feature":"station","state":"present","station":"train","station_size":"normal","curated":true,"mapped_feature":"railway=station","tier":4,"rank":199,"basis":"Curated principal passenger hub for Minsk; https://en.wikipedia.org/wiki/Minsk_railway_station; identity https://www.wikidata.org/wiki/Q801196","atlas_han":"none","atlas_zh":""}},{"type":"Feature","id":"Q1432585","geometry":{"type":"Point","coordinates":[37.65566991,55.7736109]},"properties":{"name":"Казанский вокзал","name:be":"Казанскі вакзал","name:cv":"Хусан вокзалĕ","name:de":"Kasaner Bahnhof","name:en":"Kazansky Rail Terminal","name:fr":"Gare de Kazan","name:ja":"カザーニ駅","name:pl":"Dworzec Kazański","name:ru":"Казанский вокзал","name:zh":"喀山站","osm_type":"relation","osm_id":"1309225","id":"relation-1309225","wikidata":"Q1432585","feature":"station","state":"present","station":"train","station_size":"large","curated":true,"mapped_feature":"building=train_station","tier":3,"rank":200,"basis":"Curated principal passenger hub for Moscow; https://en.wikipedia.org/wiki/Moscow_Kazansky_railway_station; identity https://www.wikidata.org/wiki/Q1432585","atlas_han":"none","atlas_zh":""}},{"type":"Feature","id":"Q3180012","geometry":{"type":"Point","coordinates":[60.6048898,56.8595683]},"properties":{"name":"Екатеринбург-Пассажирский","name:en":"Yekaterinburg Railway station","name:zh":"叶卡捷琳堡客运","osm_type":"node","osm_id":"4795178525","id":"node-4795178525","wikidata":"Q3180012","feature":"station","state":"present","station":"train","station_size":"large","curated":true,"mapped_feature":"railway=station","tier":3,"rank":203,"basis":"Curated principal passenger hub for Yekaterinburg; https://en.wikipedia.org/wiki/Yekaterinburg_railway_station; identity https://www.wikidata.org/wiki/Q3180012","atlas_han":"none","atlas_zh":""}},{"type":"Feature","id":"Q764749","geometry":{"type":"Point","coordinates":[92.8290359,56.005915]},"properties":{"name":"Красноярск","name:en":"Krasnoyarsk","name:zh":"克拉斯诺亚尔斯克","osm_type":"node","osm_id":"4535206674","id":"node-4535206674","wikidata":"Q764749","feature":"station","state":"present","station":"train","station_size":"normal","curated":true,"mapped_feature":"railway=station","tier":4,"rank":205,"basis":"Curated principal passenger hub for Krasnoyarsk; https://en.wikipedia.org/wiki/Krasnoyarsk_railway_station; identity https://www.wikidata.org/wiki/Q764749","atlas_han":"none","atlas_zh":""}},{"type":"Feature","id":"Q4203274","geometry":{"type":"Point","coordinates":[104.2604637,52.2826418]},"properties":{"name":"Иркутск-Пассажирский","name:en":"Irkutsk Passenger","name:ja":"イルクーツク旅客","name:ru":"Иркутск-Пассажирский","name:zh":"伊尔库茨克客运","osm_type":"node","osm_id":"5691045840","id":"node-5691045840","wikidata":"Q4203274","feature":"station","state":"present","station":"train","station_size":"large","curated":true,"mapped_feature":"railway=station","tier":4,"rank":206,"basis":"Curated principal passenger hub for Irkutsk; https://en.wikipedia.org/wiki/Irkutsk_railway_station; identity https://www.wikidata.org/wiki/Q4203274","atlas_han":"none","atlas_zh":""}},{"type":"Feature","id":"Q633754","geometry":{"type":"Point","coordinates":[31.2460533,30.0629785]},"properties":{"name":"محطة رمسيس","name:ar":"محطة رمسيس","name:de":"Ramses-Bahnhof","name:en":"Ramses Station","name:fa":"ایستگاه رامسس","name:fr":"Station Ramsès","name:ml":"റാംസെസ് സ്റ്റേഷൻ","osm_type":"node","osm_id":"271864421","id":"node-271864421","wikidata":"Q633754","feature":"station","state":"present","station":"train","station_size":"large","curated":true,"mapped_feature":"railway=station","tier":3,"rank":208,"basis":"Curated principal passenger hub for Cairo; https://en.wikipedia.org/wiki/Ramses_Station; identity https://www.wikidata.org/wiki/Q633754","atlas_han":"none","atlas_zh":""}},{"type":"Feature","id":"Q958574","geometry":{"type":"Point","coordinates":[29.9067595,31.193363]},"properties":{"name":"محطة مصر","name:ar":"محطة مصر","name:en":"Misr Train Station","name:fa":"ایستگاه مصر","osm_type":"node","osm_id":"1125997846","id":"node-1125997846","wikidata":"Q958574","feature":"station","state":"present","station":"train","station_size":"normal","curated":true,"mapped_feature":"railway=station","tier":5,"rank":209,"basis":"Curated additional passenger hub for Alexandria; https://en.wikipedia.org/wiki/Misr_railway_station_%28Alexandria%29; identity https://www.wikidata.org/wiki/Q958574","atlas_han":"none","atlas_zh":""}},{"type":"Feature","id":"Q110182450","geometry":{"type":"Point","coordinates":[3.3736846,6.5017657]},"properties":{"name":"Mobolaji Johnson Station","osm_type":"node","osm_id":"12260658320","id":"node-12260658320","wikidata":"Q110182450","feature":"station","state":"present","station":"train","station_size":"large","curated":true,"mapped_feature":"railway=station","tier":3,"rank":216,"basis":"Curated principal passenger hub for Lagos; mapped railway=station with train=yes, open since 2021; https://www.openstreetmap.org/node/12260658320; identity https://www.wikidata.org/wiki/Q110182450","atlas_han":"none","atlas_zh":""}},{"type":"Feature","id":"Q6959799","geometry":{"type":"Point","coordinates":[36.828619,-1.291664]},"properties":{"name":"Nairobi Central Railway Station","osm_type":"way","osm_id":"499873616","id":"way-499873616","wikidata":"Q6959799","feature":"station","state":"present","station":"train","station_size":"large","curated":true,"mapped_feature":"railway=station","tier":3,"rank":218,"basis":"Curated principal passenger hub for Nairobi; https://en.wikipedia.org/wiki/Nairobi_railway_station; identity https://www.wikidata.org/wiki/Q6959799","atlas_han":"none","atlas_zh":""}},{"type":"Feature","id":"Q2672929","geometry":{"type":"Point","coordinates":[32.5644,-25.971]},"properties":{"name":"Maputo Central Railway Station","name:pt":"Estação Central dos Caminhos de Ferro de Maputo","name:zh":"火车站","osm_type":"way","osm_id":"248970809","id":"way-248970809","wikidata":"Q2672929","feature":"station","state":"present","station":"train","station_size":"large","curated":true,"mapped_feature":"railway=station","tier":3,"rank":223,"basis":"Curated principal passenger hub for Maputo; https://en.wikipedia.org/wiki/Maputo_railway_station; identity https://www.wikidata.org/wiki/Q2672929","atlas_han":"none","atlas_zh":""}},{"type":"Feature","id":"Q5175720","geometry":{"type":"Point","coordinates":[28.0423048,-26.1976708]},"properties":{"name":"Johannesburg Park Station","osm_type":"node","osm_id":"326084268","id":"node-326084268","wikidata":"Q5175720","feature":"station","state":"present","station":"train","station_size":"large","curated":true,"mapped_feature":"railway=station","tier":4,"rank":224,"basis":"Curated principal passenger hub for Johannesburg; https://en.wikipedia.org/wiki/Johannesburg_Park_station; identity https://www.wikidata.org/wiki/Q5175720","atlas_han":"none","atlas_zh":""}},{"type":"Feature","id":"Q1034496","geometry":{"type":"Point","coordinates":[18.4263523,-33.9224221]},"properties":{"name":"Cape Town Station","name:af":"Kaapstad","name:de":"Kapstadt","name:en":"Cape Town","name:lt":"Keiptaunas","name:xh":"iKapa","name:zh":"开普敦站","name:zh-Hans":"开普敦站","osm_type":"node","osm_id":"288676470","id":"node-288676470","wikidata":"Q1034496","feature":"station","state":"present","station":"train","station_size":"large","curated":true,"mapped_feature":"railway=station","tier":3,"rank":225,"basis":"Curated principal passenger hub for Cape Town; https://en.wikipedia.org/wiki/Cape_Town_railway_station; identity https://www.wikidata.org/wiki/Q1034496","atlas_han":"none","atlas_zh":""}},{"type":"Feature","id":"Q4851790","geometry":{"type":"Point","coordinates":[31.0230108,-29.8448444]},"properties":{"name":"Durban","osm_type":"node","osm_id":"348954984","id":"node-348954984","wikidata":"Q4851790","feature":"station","state":"present","station":"train","station_size":"normal","curated":true,"mapped_feature":"railway=station","tier":4,"rank":226,"basis":"Curated principal passenger hub for Durban; https://en.wikipedia.org/wiki/Durban_railway_station; identity https://www.wikidata.org/wiki/Q4851790","atlas_han":"none","atlas_zh":""}},{"type":"Feature","id":"Q801615","geometry":{"type":"Point","coordinates":[17.0812477,-22.5594773]},"properties":{"name":"Windhoek","name:de":"Bahnhof Windhuk","name:en":"Windhoek","name:es":"Estación de Tren de Windhuk","osm_type":"node","osm_id":"10051082015","id":"node-10051082015","wikidata":"Q801615","feature":"station","state":"present","station":"train","station_size":"large","curated":true,"mapped_feature":"railway=station","tier":3,"rank":230,"basis":"Curated principal passenger hub for Windhoek; https://en.wikipedia.org/wiki/Windhoek_railway_station; identity https://www.wikidata.org/wiki/Q801615","atlas_han":"none","atlas_zh":""}},{"type":"Feature","id":"Q1155989","geometry":{"type":"Point","coordinates":[-87.6390928,41.8786411]},"properties":{"name":"Chicago Union Station","name:de":"Chicago Hauptbahnhof","osm_type":"node","osm_id":"5073776567","id":"node-5073776567","wikidata":"Q1155989","feature":"station","state":"present","station":"train","station_size":"large","curated":true,"mapped_feature":"railway=station","tier":3,"rank":233,"basis":"Curated principal passenger hub for Chicago; https://en.wikipedia.org/wiki/Chicago_Union_Station; identity https://www.wikidata.org/wiki/Q1155989","atlas_han":"none","atlas_zh":""}},{"type":"Feature","id":"Q54451","geometry":{"type":"Point","coordinates":[-73.9928111,40.7502382]},"properties":{"name":"New York Penn Station","name:en":"New York Penn Station","name:he":"תחנת פנסילבניה","name:ja":"ペンシルベニア駅","name:ko":"펜실베이니아역","name:ru":"Пенсильванский вокзал","name:zh":"宾夕法尼亚车站車站","name:zh-Hans":"宾夕法尼亚车站","name:zh-Hant":"賓夕法尼亞車站","osm_type":"node","osm_id":"895371274","id":"node-895371274","wikidata":"Q54451","feature":"station","state":"present","station":"train","station_size":"large","curated":true,"mapped_feature":"railway=station","tier":3,"rank":234,"basis":"Curated principal passenger hub for New York; https://en.wikipedia.org/wiki/New_York_Penn_Station; identity https://www.wikidata.org/wiki/Q54451","atlas_han":"none","atlas_zh":""}},{"type":"Feature","id":"Q3570","geometry":{"type":"Point","coordinates":[-77.0058628,38.8983696]},"properties":{"name":"Washington Union Station","name:de":"Washington DC Hauptbahnhof","name:en":"Washington Union Station","name:zh":"华盛顿联合车站","name:zh-Hans":"华盛顿联合车站","osm_type":"node","osm_id":"6097540128","id":"node-6097540128","wikidata":"Q3570","feature":"station","state":"present","station":"train","station_size":"normal","curated":true,"mapped_feature":"railway=station","tier":4,"rank":237,"basis":"Curated principal passenger hub for Washington; https://en.wikipedia.org/wiki/Washington_Union_Station; identity https://www.wikidata.org/wiki/Q3570","atlas_han":"none","atlas_zh":""}},{"type":"Feature","id":"Q224214","geometry":{"type":"Point","coordinates":[-75.1819051,39.9559304]},"properties":{"name":"Philadelphia 30th Street Station","osm_type":"node","osm_id":"6097540131","id":"node-6097540131","wikidata":"Q224214","feature":"station","state":"present","station":"train","station_size":"normal","curated":true,"mapped_feature":"railway=station","tier":6,"rank":238,"basis":"Curated additional passenger hub for Philadelphia; https://en.wikipedia.org/wiki/30th_Street_Station; identity https://www.wikidata.org/wiki/Q224214","atlas_han":"none","atlas_zh":""}},{"type":"Feature","id":"Q54453","geometry":{"type":"Point","coordinates":[-71.055278,42.351944]},"properties":{"name":"South Station","osm_type":"way","osm_id":"29742438","id":"way-29742438","wikidata":"Q54453","feature":"station","state":"present","station":"train","station_size":"normal","curated":true,"mapped_feature":"railway=station","tier":4,"rank":239,"basis":"Curated principal passenger hub for Boston; https://en.wikipedia.org/wiki/South_Station; identity https://www.wikidata.org/wiki/Q54453","atlas_han":"none","atlas_zh":""}},{"type":"Feature","id":"Q198019","geometry":{"type":"Point","coordinates":[-118.2342859,34.0558624]},"properties":{"name":"Los Angeles Union Station","name:de":"Los Angeles Hauptbahnhof","name:en":"Los Angeles Union Station","osm_type":"node","osm_id":"268547062","id":"node-268547062","wikidata":"Q198019","feature":"station","state":"present","station":"train","station_size":"large","curated":true,"mapped_feature":"railway=station","tier":3,"rank":240,"basis":"Curated principal passenger hub for Los Angeles; https://en.wikipedia.org/wiki/Los_Angeles_Union_Station; identity https://www.wikidata.org/wiki/Q198019","atlas_han":"none","atlas_zh":""}},{"type":"Feature","id":"Q7413912","geometry":{"type":"Point","coordinates":[-122.394938,37.7763649]},"properties":{"name":"San Francisco 4th & King Street","osm_type":"node","osm_id":"7120275924","id":"node-7120275924","wikidata":"Q7413912","feature":"station","state":"present","station":"train","station_size":"normal","curated":true,"mapped_feature":"railway=station","tier":4,"rank":241,"basis":"Curated principal passenger hub for San Francisco; https://en.wikipedia.org/wiki/San_Francisco_station; identity https://www.wikidata.org/wiki/Q7413912","atlas_han":"none","atlas_zh":""}},{"type":"Feature","id":"Q536131","geometry":{"type":"Point","coordinates":[-122.32972222222222,47.598333333333336]},"properties":{"name":"Seattle King Street","name:ko":"킹 스트리트 역","osm_type":"way","osm_id":"442511853","id":"way-442511853","wikidata":"Q536131","feature":"station","state":"present","station":"train","station_size":"large","curated":true,"mapped_feature":"railway=station","tier":3,"rank":242,"basis":"Curated principal passenger hub for Seattle; https://en.wikipedia.org/wiki/King_Street_Station; identity https://www.wikidata.org/wiki/Q536131","atlas_han":"none","atlas_zh":""}},{"type":"Feature","id":"Q861473","geometry":{"type":"Point","coordinates":[-122.677009,45.5289685]},"properties":{"name":"Portland Union Station","osm_type":"node","osm_id":"7010428404","id":"node-7010428404","wikidata":"Q861473","feature":"station","state":"present","station":"train","station_size":"normal","curated":true,"mapped_feature":"railway=station","tier":5,"rank":243,"basis":"Curated additional passenger hub for Portland; https://en.wikipedia.org/wiki/Portland_Union_Station; identity https://www.wikidata.org/wiki/Q861473","atlas_han":"none","atlas_zh":""}},{"type":"Feature","id":"Q1587587","geometry":{"type":"Point","coordinates":[-93.0847148,44.9466778]},"properties":{"name":"Saint Paul Union Depot","osm_type":"node","osm_id":"1814505997","id":"node-1814505997","wikidata":"Q1587587","feature":"station","state":"present","station":"train","station_size":"large","curated":true,"mapped_feature":"railway=station","tier":3,"rank":245,"basis":"Curated principal passenger hub for Minneapolis–Saint Paul; https://en.wikipedia.org/wiki/Saint_Paul_Union_Depot; identity https://www.wikidata.org/wiki/Q1587587","atlas_han":"none","atlas_zh":""}},{"type":"Feature","id":"Q5265835","geometry":{"type":"Point","coordinates":[-83.072425,42.3677514]},"properties":{"name":"Detroit","osm_type":"node","osm_id":"7002689053","id":"node-7002689053","wikidata":"Q5265835","feature":"station","state":"present","station":"train","station_size":"normal","curated":true,"mapped_feature":"railway=station","tier":5,"rank":246,"basis":"Curated additional passenger hub for Detroit; https://en.wikipedia.org/wiki/Detroit_station; identity https://www.wikidata.org/wiki/Q5265835","atlas_han":"none","atlas_zh":""}},{"type":"Feature","id":"Q14691825","geometry":{"type":"Point","coordinates":[-90.0784417,29.9461665]},"properties":{"name":"New Orleans","name:fr":"La Nouvelle-Orléans","name:frc":"La Nouvelle-Orléans","osm_type":"node","osm_id":"5729248834","id":"node-5729248834","wikidata":"Q14691825","feature":"station","state":"present","station":"train","station_size":"large","curated":true,"mapped_feature":"railway=station","tier":3,"rank":248,"basis":"Curated principal passenger hub for New Orleans; https://en.wikipedia.org/wiki/New_Orleans_Union_Passenger_Terminal; identity https://www.wikidata.org/wiki/Q14691825","atlas_han":"none","atlas_zh":""}},{"type":"Feature","id":"Q22079319","geometry":{"type":"Point","coordinates":[-80.1957242,25.777652]},"properties":{"name":"Miami Central","osm_type":"node","osm_id":"5634060961","id":"node-5634060961","wikidata":"Q22079319","feature":"station","state":"present","station":"train","station_size":"large","curated":true,"mapped_feature":"railway=station","tier":3,"rank":249,"basis":"Curated principal passenger hub for Miami; https://en.wikipedia.org/wiki/MiamiCentral; identity https://www.wikidata.org/wiki/Q22079319","atlas_han":"none","atlas_zh":""}},{"type":"Feature","id":"Q5371609","geometry":{"type":"Point","coordinates":[-96.8083758,32.7760083]},"properties":{"name":"Dallas Union Station","osm_type":"node","osm_id":"5818005704","id":"node-5818005704","wikidata":"Q5371609","feature":"station","state":"present","station":"train","station_size":"normal","curated":true,"mapped_feature":"railway=station","tier":4,"rank":251,"basis":"Curated principal passenger hub for Dallas; https://en.wikipedia.org/wiki/Dallas_Union_Station; identity https://www.wikidata.org/wiki/Q5371609","atlas_han":"none","atlas_zh":""}},{"type":"Feature","id":"Q7413360","geometry":{"type":"Point","coordinates":[-98.4780456,29.4193459]},"properties":{"name":"San Antonio","osm_type":"node","osm_id":"5796201083","id":"node-5796201083","wikidata":"Q7413360","feature":"station","state":"present","station":"train","station_size":"normal","curated":true,"mapped_feature":"railway=station","tier":4,"rank":253,"basis":"Curated principal passenger hub for San Antonio; https://en.wikipedia.org/wiki/San_Antonio_station; identity https://www.wikidata.org/wiki/Q7413360","atlas_han":"none","atlas_zh":""}},{"type":"Feature","id":"Q3097479","geometry":{"type":"Point","coordinates":[-121.501,38.5848]},"properties":{"name":"Sacramento Valley Station","osm_type":"way","osm_id":"1123450443","id":"way-1123450443","wikidata":"Q3097479","feature":"station","state":"present","station":"train","station_size":"normal","curated":true,"mapped_feature":"railway=station","tier":6,"rank":254,"basis":"Curated additional passenger hub for Sacramento; https://en.wikipedia.org/wiki/Sacramento_Valley_Station; identity https://www.wikidata.org/wiki/Q3097479","atlas_han":"none","atlas_zh":""}},{"type":"Feature","id":"Q511316","geometry":{"type":"Point","coordinates":[-79.380381,43.6445345]},"properties":{"name":"Toronto Union Station","osm_type":"node","osm_id":"6997477908","id":"node-6997477908","wikidata":"Q511316","feature":"station","state":"present","station":"train","station_size":"large","curated":true,"mapped_feature":"railway=station","tier":4,"rank":255,"basis":"Curated principal passenger hub for Toronto; https://en.wikipedia.org/wiki/Union_Station_%28Toronto%29; identity https://www.wikidata.org/wiki/Q511316","atlas_han":"none","atlas_zh":""}},{"type":"Feature","id":"Q1148666","geometry":{"type":"Point","coordinates":[-73.5671623,45.500285]},"properties":{"name":"Gare centrale de Montréal","name:en":"Montreal Central Station","name:es":"Estación Central de Montreal","name:fr":"Gare centrale de Montréal","osm_type":"node","osm_id":"6298031649","id":"node-6298031649","wikidata":"Q1148666","feature":"station","state":"present","station":"train","station_size":"normal","curated":true,"mapped_feature":"railway=station","tier":4,"rank":256,"basis":"Curated principal passenger hub for Montreal; https://en.wikipedia.org/wiki/Montreal_Central_Station; identity https://www.wikidata.org/wiki/Q1148666","atlas_han":"none","atlas_zh":""}},{"type":"Feature","id":"Q1327751","geometry":{"type":"Point","coordinates":[-123.097863,49.2737461]},"properties":{"name":"Vancouver Pacific Central","osm_type":"node","osm_id":"7012109787","id":"node-7012109787","wikidata":"Q1327751","feature":"station","state":"present","station":"train","station_size":"normal","curated":true,"mapped_feature":"railway=station","tier":5,"rank":257,"basis":"Curated principal passenger hub for Vancouver; https://en.wikipedia.org/wiki/Pacific_Central_Station; identity https://www.wikidata.org/wiki/Q1327751","atlas_han":"none","atlas_zh":""}},{"type":"Feature","id":"Q3095762","geometry":{"type":"Point","coordinates":[-63.5679567,44.6396777]},"properties":{"name":"Halifax","osm_type":"node","osm_id":"7002747046","id":"node-7002747046","wikidata":"Q3095762","feature":"station","state":"present","station":"train","station_size":"large","curated":true,"mapped_feature":"railway=station","tier":3,"rank":260,"basis":"Curated principal passenger hub for Halifax; https://en.wikipedia.org/wiki/Halifax_station; identity https://www.wikidata.org/wiki/Q3095762","atlas_han":"none","atlas_zh":""}},{"type":"Feature","id":"Q54867396","geometry":{"type":"Point","coordinates":[-99.1520066,19.44738]},"properties":{"name":"Buenavista","osm_type":"node","osm_id":"6949058012","id":"node-6949058012","wikidata":"Q54867396","feature":"station","state":"present","station":"train","station_size":"large","curated":true,"mapped_feature":"railway=station","tier":3,"rank":262,"basis":"Curated principal passenger hub for Mexico City; https://en.wikipedia.org/wiki/Buenavista_railway_station; identity https://www.wikidata.org/wiki/Q54867396","atlas_han":"none","atlas_zh":""}},{"type":"Feature","id":"Q28163126","geometry":{"type":"Point","coordinates":[-70.6790609,-33.452344]},"properties":{"name":"Alameda","osm_type":"node","osm_id":"4757181460","id":"node-4757181460","wikidata":"Q28163126","feature":"station","state":"present","station":"train","station_size":"large","curated":true,"mapped_feature":"railway=station","tier":3,"rank":265,"basis":"Curated principal passenger hub for Santiago; https://en.wikipedia.org/wiki/Central_Station_%28Santiago%29; identity https://www.wikidata.org/wiki/Q28163126","atlas_han":"none","atlas_zh":""}},{"type":"Feature","id":"Q2983699","geometry":{"type":"Point","coordinates":[-46.63528,-23.53509]},"properties":{"name":"Estação da Luz","name:en":"Luz Station","name:es":"Estación de Luz","name:it":"Stazione di Luz","osm_type":"way","osm_id":"8105832","id":"way-8105832","wikidata":"Q2983699","feature":"station","state":"present","station":"train","station_size":"large","curated":true,"mapped_feature":"building=train_station","tier":3,"rank":267,"basis":"Curated principal passenger hub for Sao Paulo; https://en.wikipedia.org/wiki/Luz_Station; identity https://www.wikidata.org/wiki/Q2983699","atlas_han":"none","atlas_zh":""}},{"type":"Feature","id":"Q1585639","geometry":{"type":"Point","coordinates":[151.20666666667,-33.8825]},"properties":{"name":"Central","osm_type":"way","osm_id":"679354513","id":"way-679354513","wikidata":"Q1585639","feature":"station","state":"present","station":"train","station_size":"large","curated":true,"mapped_feature":"railway=station","tier":3,"rank":274,"basis":"Curated principal passenger hub for Sydney; https://en.wikipedia.org/wiki/Central_railway_station%2C_Sydney; identity https://www.wikidata.org/wiki/Q1585639","atlas_han":"none","atlas_zh":""}},{"type":"Feature","id":"Q801455","geometry":{"type":"Point","coordinates":[144.95241666667,-37.818358333333]},"properties":{"name":"Southern Cross","osm_type":"way","osm_id":"33261083","id":"way-33261083","wikidata":"Q801455","feature":"station","state":"present","station":"train","station_size":"large","curated":true,"mapped_feature":"railway=station","tier":3,"rank":275,"basis":"Curated principal passenger hub for Melbourne; https://en.wikipedia.org/wiki/Southern_Cross_railway_station; identity https://www.wikidata.org/wiki/Q801455","atlas_han":"none","atlas_zh":""}},{"type":"Feature","id":"Q7361491","geometry":{"type":"Point","coordinates":[153.0183535,-27.4649808]},"properties":{"name":"Roma Street","osm_type":"node","osm_id":"9586829503","id":"node-9586829503","wikidata":"Q7361491","feature":"station","state":"present","station":"train","station_size":"large","curated":true,"mapped_feature":"railway=station","tier":3,"rank":276,"basis":"Curated principal passenger hub for Brisbane; https://en.wikipedia.org/wiki/Roma_Street_railway_station; identity https://www.wikidata.org/wiki/Q7361491","atlas_han":"none","atlas_zh":""}},{"type":"Feature","id":"Q4681770","geometry":{"type":"Point","coordinates":[138.5967672,-34.9210001]},"properties":{"name":"Adelaide","osm_type":"node","osm_id":"5234365897","id":"node-5234365897","wikidata":"Q4681770","feature":"station","state":"present","station":"train","station_size":"large","curated":true,"mapped_feature":"railway=station","tier":3,"rank":277,"basis":"Curated principal passenger hub for Adelaide; https://en.wikipedia.org/wiki/Adelaide_railway_station; identity https://www.wikidata.org/wiki/Q4681770","atlas_han":"none","atlas_zh":""}},{"type":"Feature","id":"Q7170917","geometry":{"type":"Point","coordinates":[115.8604156,-31.951428]},"properties":{"name":"Perth","osm_type":"node","osm_id":"10086635093","id":"node-10086635093","wikidata":"Q7170917","feature":"station","state":"present","station":"train","station_size":"large","curated":true,"mapped_feature":"railway=station","tier":3,"rank":278,"basis":"Curated principal passenger hub for Perth; https://en.wikipedia.org/wiki/Perth_railway_station; identity https://www.wikidata.org/wiki/Q7170917","atlas_han":"none","atlas_zh":""}},{"type":"Feature","id":"Q505487","geometry":{"type":"Point","coordinates":[174.78083333333,-41.278611111111]},"properties":{"name":"Wellington","name:en":"Wellington","name:mi":"Te Whanganui-a-Tara","osm_type":"way","osm_id":"5184061","id":"way-5184061","wikidata":"Q505487","feature":"station","state":"present","station":"train","station_size":"large","curated":true,"mapped_feature":"railway=station","tier":3,"rank":279,"basis":"Curated principal passenger hub for Wellington; https://en.wikipedia.org/wiki/Wellington_railway_station; identity https://www.wikidata.org/wiki/Q505487","atlas_han":"none","atlas_zh":""}},{"type":"Feature","id":"Q920488","geometry":{"type":"Point","coordinates":[174.76701,-36.844014]},"properties":{"name":"Waitematā","name:en":"Waitematā","name:etymology":"Waitematā Harbour","name:etymology:wikidata":"Q1759376","name:ja":"ワイテマター","name:mi":"Waitematā","osm_type":"way","osm_id":"940237256","id":"way-940237256","wikidata":"Q920488","feature":"station","state":"present","station":"train","station_size":"normal","curated":true,"mapped_feature":"railway=station","tier":4,"rank":280,"basis":"Curated principal passenger hub for Auckland; https://en.wikipedia.org/wiki/Waitemat%C4%81_railway_station; identity https://www.wikidata.org/wiki/Q920488","atlas_han":"none","atlas_zh":""}}]}
